Symbol,base_currency,quote_currency,quote_increment,base_increment,display_name,min_market_funds,margin_enabled,post_only,limit_only,cancel_only,status,status_message,trading_disabled,fx_stablecoin,max_slippage_percentage,auction_mode,high_bid_limit_percentage
00-USD,00,USD,0.0001,0.01,00-USD,1,False,False,False,False,online,,False,False,0.03000000,False,
1INCH-BTC,1INCH,BTC,0.0000001,0.01,1INCH-BTC,0.000016,False,False,False,False,delisted,,True,False,0.03000000,False,
1INCH-EUR,1INCH,EUR,0.001,0.01,1INCH-EUR,0.84,False,False,False,False,online,,False,False,0.03000000,False,
1INCH-GBP,1INCH,GBP,0.001,0.01,1INCH-GBP,0.72,False,False,False,False,online,,False,False,0.03000000,False,
1INCH-USD,1INCH,USD,0.001,0.01,1INCH-USD,1,False,False,False,False,online,,False,False,0.03000000,False,
2Z-USD,2Z,USD,0.00001,0.01,2Z/USD,1,False,False,False,False,online,,False,False,0.03000000,False,
A8-USD,A8,USD,0.0001,0.01,A8/USD,1,False,False,False,False,online,,False,False,0.03000000,False,
AAVE-BTC,AAVE,BTC,0.000001,0.001,AAVE-BTC,0.000016,False,False,False,False,online,,False,False,0.03000000,False,
AAVE-EUR,AAVE,EUR,0.01,0.001,AAVE-EUR,0.84,False,False,False,False,online,,False,False,0.03000000,False,
AAVE-GBP,AAVE,GBP,0.01,0.001,AAVE-GBP,0.72,False,False,False,False,online,,False,False,0.03000000,False,
AAVE-USD,AAVE,USD,0.01,0.001,AAVE-USD,1,False,False,False,False,online,,False,False,0.03000000,False,
ABT-USD,ABT,USD,0.0001,0.1,ABT-USD,1,False,False,True,False,online,,False,False,0.03000000,False,
ACH-USD,ACH,USD,0.000001,0.1,ACH-USD,1,False,False,False,False,online,,False,False,0.03000000,False,
ACH-USDT,ACH,USDT,0.000001,0.1,ACH-USDT,1,False,False,False,False,delisted,,True,False,0.03000000,False,
ACS-USD,ACS,USD,0.0000001,1,ACS-USD,1,False,False,False,False,online,,False,False,0.03000000,False,
ACX-USD,ACX,USD,0.0001,0.1,ACX/USD,1,False,False,False,False,online,,False,False,0.03000000,False,
ADA-BTC,ADA,BTC,0.00000001,0.01,ADA-BTC,0.000016,False,False,False,False,online,,False,False,0.03000000,False,
ADA-ETH,ADA,ETH,0.000001,0.01,ADA-ETH,0.00022,False,False,False,False,online,,False,False,0.03000000,False,
ADA-EUR,ADA,EUR,0.0001,0.01,ADA-EUR,0.84,False,False,False,False,online,,False,False,0.03000000,False,
ADA-GBP,ADA,GBP,0.0001,0.01,ADA-GBP,0.72,False,False,False,False,online,,False,False,0.03000000,False,
ADA-USD,ADA,USD,0.0001,0.00000001,ADA-USD,1,False,False,False,False,online,,False,False,0.03000000,False,
ADA-USDC,ADA,USDC,0.001,0.01,ADA-USDC,1,False,False,False,False,delisted,,True,False,0.03000000,False,
ADA-USDT,ADA,USDT,0.0001,0.01,ADA-USDT,1,False,False,False,False,online,,False,False,0.03000000,False,
AERGO-USD,AERGO,USD,0.0001,0.1,AERGO-USD,1,False,False,False,False,online,,False,False,0.03000000,False,
AERO-USD,AERO,USD,0.00001,0.1,AERO-USD,1,False,False,False,False,online,,False,False,0.03000000,False,
AGLD-USD,AGLD,USD,0.0001,0.01,AGLD-USD,1,False,False,False,False,online,,False,False,0.03000000,False,
AGLD-USDT,AGLD,USDT,0.0001,0.01,AGLD-USDT,1,False,False,False,False,delisted,,True,False,0.03000000,False,
AIOZ-USD,AIOZ,USD,0.0001,0.1,AIOZ-USD,1,False,False,False,False,online,,False,False,0.03000000,False,
AIOZ-USDT,AIOZ,USDT,0.0001,0.1,AIOZ-USDT,1,False,False,False,False,delisted,,True,False,0.03000000,False,
AKT-USD,AKT,USD,0.001,0.01,AKT/USD,1,False,False,False,False,online,,False,False,0.03000000,False,
ALCX-EUR,ALCX,EUR,0.01,0.0001,ALCX-EUR,0.84,False,False,False,False,delisted,,True,False,0.03000000,False,
ALCX-USD,ALCX,USD,0.01,0.0001,ALCX-USD,1,False,False,False,False,online,,False,False,0.03000000,False,
ALCX-USDT,ALCX,USDT,0.01,0.0001,ALCX-USDT,1,False,False,False,False,delisted,,True,False,0.03000000,False,
ALEO-USD,ALEO,USD,0.001,0.01,ALEO/USD,1,False,False,False,False,online,,False,False,0.03000000,False,
ALEPH-USD,ALEPH,USD,0.0001,0.1,ALEPH-USD,1,False,False,False,False,online,,False,False,0.03000000,False,
ALGO-BTC,ALGO,BTC,0.00000001,1,ALGO-BTC,0.000016,False,False,False,False,online,,False,False,0.03000000,False,
ALGO-EUR,ALGO,EUR,0.0001,1,ALGO-EUR,0.84,False,False,False,False,online,,False,False,0.03000000,False,
ALGO-GBP,ALGO,GBP,0.0001,1,ALGO-GBP,0.72,False,False,False,False,online,,False,False,0.03000000,False,
ALGO-USD,ALGO,USD,0.0001,0.1,ALGO-USD,1,False,False,False,False,online,,False,False,0.03000000,False,
ALICE-USD,ALICE,USD,0.001,0.001,ALICE-USD,1,False,False,False,False,online,,False,False,0.03000000,False,
ALT-USD,ALT,USD,0.00001,1,ALT/USD,1,False,False,False,False,online,,False,False,0.03000000,False,
AMP-USD,AMP,USD,0.00001,1,AMP-USD,1,False,False,False,False,online,,False,False,0.03000000,False,
ANKR-BTC,ANKR,BTC,0.00000001,1,ANKR-BTC,0.000016,False,False,False,False,delisted,,True,False,0.03000000,False,
ANKR-EUR,ANKR,EUR,0.00001,1,ANKR-EUR,0.84,False,False,False,False,online,,False,False,0.03000000,False,
ANKR-GBP,ANKR,GBP,0.00001,1,ANKR-GBP,0.72,False,False,False,False,online,,False,False,0.03000000,False,
ANKR-USD,ANKR,USD,0.00001,1,ANKR-USD,1,False,False,False,False,online,,False,False,0.03000000,False,
ANT-USD,ANT,USD,0.01,0.01,ANT-USD,5.0,False,False,False,False,delisted,,True,False,0.03000000,False,
APE-EUR,APE,EUR,0.001,0.01,APE-EUR,1,False,False,False,False,online,,False,False,0.03000000,False,
APE-USD,APE,USD,0.001,0.01,APE-USD,1,False,False,False,False,online,,False,False,0.03000000,False,
APE-USDT,APE,USDT,0.001,0.01,APE-USDT,1,False,False,False,False,online,,False,False,0.03000000,False,
API3-USD,API3,USD,0.001,0.01,API3-USD,5,False,False,False,False,online,,False,False,0.03000000,False,
API3-USDT,API3,USDT,0.001,0.01,API3-USDT,5,False,False,False,False,delisted,,True,False,0.03000000,False,
APR-USD,APR,USD,0.0001,0.1,APR/USD,1,False,False,False,False,online,,False,False,0.03000000,False,
APT-USD,APT,USD,0.0001,0.001,APT-USD,1,False,False,False,False,online,,False,False,0.03000000,False,
APT-USDT,APT,USDT,0.0001,0.001,APT-USDT,1,False,False,False,False,online,,False,False,0.03000000,False,
ARB-USD,ARB,USD,0.0001,0.01,ARB-USD,1,False,False,False,False,online,,False,False,0.03000000,False,
ARKM-USD,ARKM,USD,0.001,0.01,ARKM/USD,1,False,False,False,False,online,,False,False,0.03000000,False,
ARPA-EUR,ARPA,EUR,0.00001,0.1,ARPA-EUR,0.84,False,False,False,False,delisted,,True,False,0.03000000,False,
ARPA-USD,ARPA,USD,0.0001,0.1,ARPA-USD,1,False,False,False,False,online,,False,False,0.03000000,False,
ARPA-USDT,ARPA,USDT,0.0001,0.1,ARPA-USDT,1,False,False,False,False,delisted,,True,False,0.03000000,False,
ASM-USD,ASM,USD,0.00001,1,ASM-USD,1,False,False,False,False,online,,False,False,0.03000000,False,
ASM-USDT,ASM,USDT,0.00001,1,ASM-USDT,1,False,False,False,False,delisted,,True,False,0.03000000,False,
AST-USD,AST,USD,0.0001,0.1,AST-USD,1,False,False,False,False,online,,False,False,0.03000000,False,
ATA-USD,ATA,USD,0.0001,0.1,ATA-USD,1,False,False,False,False,delisted,,True,False,0.03000000,False,
ATA-USDT,ATA,USDT,0.0001,0.1,ATA-USDT,1,False,False,False,False,delisted,,True,False,0.03000000,False,
ATH-USD,ATH,USD,0.00001,1,ATH/USD,1,False,False,False,False,online,,False,False,0.03000000,False,
ATOM-BTC,ATOM,BTC,0.0000001,0.1,ATOM-BTC,0.000016,False,False,False,False,online,,False,False,0.03000000,False,
ATOM-EUR,ATOM,EUR,0.001,0.001,ATOM-EUR,0.84,False,False,False,False,online,,False,False,0.03000000,False,
ATOM-GBP,ATOM,GBP,0.001,0.001,ATOM-GBP,0.72,False,False,False,False,online,,False,False,0.03000000,False,
ATOM-USD,ATOM,USD,0.001,0.01,ATOM-USD,1,False,False,False,False,online,,False,False,0.03000000,False,
ATOM-USDT,ATOM,USDT,0.001,0.001,ATOM-USDT,1,False,False,False,False,online,,False,False,0.03000000,False,
AUCTION-EUR,AUCTION,EUR,0.01,0.001,AUCTION-EUR,0.84,False,False,False,False,delisted,,True,False,0.03000000,False,
AUCTION-USD,AUCTION,USD,0.01,0.001,AUCTION-USD,1,False,False,False,False,online,,False,False,0.03000000,False,
AUCTION-USDT,AUCTION,USDT,0.01,0.001,AUCTION-USDT,1,False,False,False,False,delisted,,True,False,0.03000000,False,
AUDD-USDC,AUDD,USDC,0.0001,1,AUDD-USDC,1,False,False,True,False,online,,False,True,0.01000000,False,0.03000000
AUDIO-USD,AUDIO,USD,0.0001,0.1,AUDIO-USD,1,False,False,False,False,online,,False,False,0.03000000,False,
AURORA-USD,AURORA,USD,0.0001,0.01,AURORA-USD,1,False,False,False,False,online,,False,False,0.03000000,False,
AVAX-BTC,AVAX,BTC,0.00000001,0.001,AVAX-BTC,0.000016,False,False,False,False,online,,False,False,0.03000000,False,
AVAX-EUR,AVAX,EUR,0.01,0.001,AVAX-EUR,0.84,False,False,False,False,online,,False,False,0.03000000,False,
AVAX-USD,AVAX,USD,0.01,0.00000001,AVAX-USD,1,False,False,False,False,online,,False,False,0.03000000,False,
AVAX-USDT,AVAX,USDT,0.01,0.001,AVAX-USDT,1,False,False,False,False,online,,False,False,0.03000000,False,
AVNT-USD,AVNT,USD,0.0001,0.1,AVNT/USD,1,False,False,False,False,online,,False,False,0.03000000,False,
AVT-USD,AVT,USD,0.01,0.01,AVT-USD,1,False,False,False,False,online,,False,False,0.05000000,False,
AWE-USD,AWE,USD,0.00001,0.1,AWE/USD,1,False,False,False,False,online,,False,False,0.03000000,False,
AXL-USD,AXL,USD,0.0001,0.1,AXL-USD,1,False,False,False,False,online,,False,False,0.03000000,False,
AXS-BTC,AXS,BTC,0.0000001,0.001,AXS-BTC,0.000016,False,False,False,False,delisted,,True,False,0.03000000,False,
AXS-EUR,AXS,EUR,0.01,0.001,AXS-EUR,0.84,False,False,False,False,online,,False,False,0.03000000,False,
AXS-USD,AXS,USD,0.001,0.001,AXS-USD,1,False,False,False,False,online,,False,False,0.03000000,False,
AXS-USDT,AXS,USDT,0.001,0.001,AXS-USDT,1,False,False,False,False,online,,False,False,0.03000000,False,
B3-USD,B3,USD,0.000001,1,B3/USD,1,False,False,False,False,online,,False,False,0.03000000,False,
BADGER-EUR,BADGER,EUR,0.01,0.001,BADGER-EUR,0.84,False,False,False,False,delisted,,True,False,0.03000000,False,
BADGER-USD,BADGER,USD,0.01,0.001,BADGER-USD,1,False,False,False,False,online,,False,False,0.03000000,False,
BADGER-USDT,BADGER,USDT,0.01,0.001,BADGER-USDT,1,False,False,False,False,delisted,,True,False,0.03000000,False,
BAL-BTC,BAL,BTC,0.00000001,0.01,BAL-BTC,0.000016,False,False,False,False,delisted,,True,False,0.03000000,False,
BAL-USD,BAL,USD,0.0001,0.001,BAL-USD,1,False,False,False,False,online,,False,False,0.03000000,False,
BAND-BTC,BAND,BTC,0.00000001,0.01,BAND-BTC,0.000016,False,False,False,False,delisted,,True,False,0.03000000,False,
BAND-EUR,BAND,EUR,0.01,0.01,BAND-EUR,0.84,False,False,False,False,delisted,,True,False,0.03000000,False,
BAND-GBP,BAND,GBP,0.001,0.01,BAND-GBP,0.72,False,False,False,False,delisted,,True,False,0.03000000,False,
BAND-USD,BAND,USD,0.001,0.01,BAND-USD,1,False,False,False,False,online,,False,False,0.03000000,False,
BARD-USD,BARD,USD,0.0001,0.01,BARD/USD,1,False,False,False,False,online,,False,False,0.03000000,False,
BAT-BTC,BAT,BTC,0.00000001,0.01,BAT-BTC,0.000016,False,False,False,False,online,,False,False,0.03000000,False,
BAT-ETH,BAT,ETH,0.00000001,1,BAT-ETH,0.00022,False,False,False,False,online,,False,False,0.03000000,False,
BAT-EUR,BAT,EUR,0.00001,0.01,BAT-EUR,0.84,False,False,False,False,online,,False,False,0.03000000,False,
BAT-USD,BAT,USD,0.00001,0.01,BAT-USD,1,False,False,False,False,online,,False,False,0.03000000,False,
BAT-USDC,BAT,USDC,0.000001,1,BAT-USDC,1,False,False,False,False,delisted,,True,False,0.03000000,False,
BCH-BTC,BCH,BTC,0.000001,0.00000001,BCH-BTC,0.00001,False,False,False,False,online,,False,False,0.03000000,False,
BCH-EUR,BCH,EUR,0.01,0.00000001,BCH-EUR,0.84,False,False,False,False,online,,False,False,0.03000000,False,
BCH-GBP,BCH,GBP,0.01,0.00000001,BCH-GBP,0.72,False,False,False,False,online,,False,False,0.03000000,False,
BCH-USD,BCH,USD,0.01,0.00000001,BCH-USD,1,False,False,False,False,online,,False,False,0.03000000,False,
BERA-USD,BERA,USD,0.001,0.01,BERA/USD,1,False,False,False,False,online,,False,False,0.03000000,False,
BICO-EUR,BICO,EUR,0.0001,0.01,BICO-EUR,1,False,False,False,False,delisted,,True,False,0.03000000,False,
BICO-USD,BICO,USD,0.0001,0.01,BICO-USD,1,False,False,False,False,online,,False,False,0.03000000,False,
BICO-USDT,BICO,USDT,0.0001,0.01,BICO-USDT,1,False,False,False,False,delisted,,True,False,0.03000000,False,
BIGTIME-USD,BIGTIME,USD,0.00001,1,BIGTIME-USD,1,False,False,False,False,online,,False,False,0.03000000,False,
BIO-USD,BIO,USD,0.00001,0.1,BIO/USD,1,False,False,False,False,online,,False,False,0.03000000,False,
BIT-USD,BIT,USD,0.0001,0.01,BIT-USD,1,False,False,False,False,delisted,,True,False,0.03000000,False,
BIT-USDT,BIT,USDT,0.0001,0.01,BIT-USDT,1,False,False,False,False,delisted,,True,False,0.03000000,False,
BLAST-USD,BLAST,USD,0.00001,1,BLAST/USD,1,False,False,False,False,online,,False,False,0.03000000,False,
BLUR-USD,BLUR,USD,0.0001,0.1,BLUR-USD,1,False,False,False,False,online,,False,False,0.03000000,False,
BLZ-USD,BLZ,USD,0.0001,0.1,BLZ-USD,1,False,False,False,False,online,,False,False,0.03000000,False,
BNB-USD,BNB,USD,0.01,0.00001,BNB/USD,1,False,False,False,False,online,,False,False,0.03000000,False,
BNKR-USD,BNKR,USD,0.0000001,1,BNKR/USD,1,False,False,False,False,online,,False,False,0.03000000,False,
BNT-BTC,BNT,BTC,0.00000001,1,BNT-BTC,0.000016,False,False,False,False,delisted,,True,False,0.03000000,False,
BNT-EUR,BNT,EUR,0.001,0.000001,BNT-EUR,0.84,False,False,False,False,delisted,,True,False,0.03000000,False,
BNT-GBP,BNT,GBP,0.0001,0.000001,BNT-GBP,0.72,False,False,False,False,delisted,,True,False,0.03000000,False,
BNT-USD,BNT,USD,0.0001,0.000001,BNT-USD,1,False,False,False,False,online,,False,False,0.03000000,False,
BOBA-USD,BOBA,USD,0.0001,0.1,BOBA-USD,1,False,False,False,False,online,,False,False,0.03000000,False,
BOBA-USDT,BOBA,USDT,0.0001,0.1,BOBA-USDT,1,False,False,False,False,delisted,,True,False,0.03000000,False,
BOND-USD,BOND,USD,0.01,0.001,BOND-USD,1,False,False,False,False,delisted,,True,False,0.03000000,False,
BOND-USDT,BOND,USDT,0.001,0.001,BOND-USDT,1,False,False,False,False,delisted,,True,False,0.03000000,False,
BONK-USD,BONK,USD,0.00000001,1,BONK-USD,1,False,False,False,False,online,,False,False,0.03000000,False,
BTC-EUR,BTC,EUR,0.01,0.00000001,BTC-EUR,0.84,False,False,False,False,online,,False,False,0.03000000,False,
BTC-GBP,BTC,GBP,0.01,0.00000001,BTC-GBP,0.72,False,False,False,False,online,,False,False,0.03000000,False,
BTC-USD,BTC,USD,0.01,0.00000001,BTC-USD,1,False,False,False,False,online,,False,False,0.02000000,False,
BTC-USDC,BTC,USDC,1,0.00000001,BTC-USDC,1,False,False,False,False,delisted,,True,False,0.03000000,False,
BTC-USDT,BTC,USDT,0.01,0.00000001,BTC-USDT,1,False,False,False,False,online,,False,False,0.03000000,False,
BTRST-BTC,BTRST,BTC,0.00000001,0.01,BTRST-BTC,0.000016,False,False,False,False,delisted,,True,False,0.03000000,False,
BTRST-EUR,BTRST,EUR,0.01,0.01,BTRST-EUR,0.84,False,False,False,False,delisted,,True,False,0.03000000,False,
BTRST-GBP,BTRST,GBP,0.001,0.01,BTRST-GBP,0.72,False,False,False,False,delisted,,True,False,0.03000000,False,
BTRST-USD,BTRST,USD,0.001,0.01,BTRST-USD,1,False,False,False,False,online,,False,False,0.03000000,False,
BTRST-USDT,BTRST,USDT,0.001,0.01,BTRST-USDT,1,False,False,False,False,delisted,,True,False,0.03000000,False,
BUSD-USD,BUSD,USD,0.001,0.01,BUSD-USD,1,False,False,False,False,delisted,,True,True,0.01000000,False,0.03000000
C98-USD,C98,USD,0.0001,0.01,C98-USD,1,False,False,False,False,online,,False,False,0.03000000,False,
C98-USDT,C98,USDT,0.0001,0.01,C98-USDT,1,False,False,False,False,delisted,,True,False,0.03000000,False,
CAKE-USD,CAKE,USD,0.001,0.01,CAKE/USD,1,False,False,False,False,online,,False,False,0.03000000,False,
CBETH-ETH,CBETH,ETH,0.00001,0.00001,cbETH-ETH,0.002,False,False,True,False,online,,False,True,0.01000000,False,
CBETH-USD,CBETH,USD,0.01,0.00001,cbETH-USD,1,False,False,False,False,online,,False,False,0.03000000,False,
CELR-USD,CELR,USD,0.00001,1,CELR-USD,1,False,False,False,False,online,,False,False,0.03000000,False,
CFG-USD,CFG,USD,0.0001,0.1,CFG/USD,1,False,False,True,False,online,,False,False,0.03000000,False,
CGLD-BTC,CGLD,BTC,0.00000001,0.01,CGLD-BTC,0.000016,False,False,False,False,delisted,,True,False,0.03000000,False,
CGLD-EUR,CGLD,EUR,0.01,0.01,CGLD-EUR,0.84,False,False,False,False,online,,False,False,0.03000000,False,
CGLD-GBP,CGLD,GBP,0.001,0.01,CGLD-GBP,0.72,False,False,False,False,online,,False,False,0.03000000,False,
CGLD-USD,CGLD,USD,0.001,0.01,CGLD-USD,1,False,False,False,False,online,,False,False,0.03000000,False,
CHZ-EUR,CHZ,EUR,0.0001,0.1,CHZ-EUR,0.84,False,False,False,False,online,,False,False,0.03000000,False,
CHZ-GBP,CHZ,GBP,0.0001,0.1,CHZ-GBP,0.72,False,False,False,False,online,,False,False,0.03000000,False,
CHZ-USD,CHZ,USD,0.0001,0.1,CHZ-USD,1,False,False,False,False,online,,False,False,0.03000000,False,
CHZ-USDT,CHZ,USDT,0.0001,0.1,CHZ-USDT,1,False,False,False,False,online,,False,False,0.03000000,False,
CLANKER-USD,CLANKER,USD,0.01,0.0001,CLANKER/USD,1,False,False,False,False,online,,False,False,0.03000000,False,
CLV-EUR,CLV,EUR,0.00001,0.01,CLV-EUR,0.84,False,False,False,False,delisted,,True,False,0.03000000,False,
CLV-GBP,CLV,GBP,0.0001,0.01,CLV-GBP,0.72,False,False,False,False,delisted,,True,False,0.03000000,False,
CLV-USD,CLV,USD,0.0001,0.01,CLV-USD,1,False,False,False,False,online,,False,False,0.03000000,False,
CLV-USDT,CLV,USDT,0.0001,0.01,CLV-USDT,1,False,False,False,False,delisted,,True,False,0.03000000,False,
COMP-BTC,COMP,BTC,0.000001,0.001,COMP-BTC,0.000016,False,False,False,False,online,,False,False,0.03000000,False,
COMP-USD,COMP,USD,0.01,0.001,COMP-USD,1,False,False,False,False,online,,False,False,0.03000000,False,
COOKIE-USD,COOKIE,USD,0.00001,0.1,COOKIE/USD,1,False,False,False,False,online,,False,False,0.03000000,False,
CORECHAIN-USD,CORECHAIN,USD,0.0001,0.01,CORECHAIN/USD,1,False,False,False,False,online,,False,False,0.03000000,False,
COSMOSDYDX-USD,COSMOSDYDX,USD,0.0001,0.01,COSMOSDYDX/USD,1,False,False,False,False,online,,False,False,0.03000000,False,
COTI-USD,COTI,USD,0.0001,0.1,COTI-USD,1,False,False,False,False,online,,False,False,0.03000000,False,
COVAL-USD,COVAL,USD,0.00001,1,COVAL-USD,1,False,False,False,False,delisted,,True,False,0.03000000,False,
COVAL-USDT,COVAL,USDT,0.00001,1,COVAL-USDT,1,False,False,False,False,delisted,,True,False,0.03000000,False,
COW-USD,COW,USD,0.0001,0.1,COW/USD,1,False,False,False,False,online,,False,False,0.03000000,False,
CRO-EUR,CRO,EUR,0.0001,0.1,CRO-EUR,0.84,False,False,False,False,online,,False,False,0.03000000,False,
CRO-USD,CRO,USD,0.00001,0.1,CRO-USD,1,False,False,False,False,online,,False,False,0.03000000,False,
CRO-USDT,CRO,USDT,0.0001,0.1,CRO-USDT,1,False,False,False,False,online,,False,False,0.03000000,False,
CRPT-USD,CRPT,USD,0.0001,0.1,CRPT-USD,1,False,False,False,False,delisted,,True,False,0.03000000,False,
CRV-BTC,CRV,BTC,0.0000001,0.01,CRV-BTC,0.000016,False,False,False,False,online,,False,False,0.03000000,False,
CRV-EUR,CRV,EUR,0.0001,0.01,CRV-EUR,0.84,False,False,False,False,online,,False,False,0.03000000,False,
CRV-GBP,CRV,GBP,0.0001,0.01,CRV-GBP,0.72,False,False,False,False,online,,False,False,0.03000000,False,
CRV-USD,CRV,USD,0.0001,0.01,CRV-USD,1,False,False,False,False,online,,False,False,0.03000000,False,
CTSI-BTC,CTSI,BTC,0.0000001,0.1,CTSI-BTC,0.000016,False,False,False,False,delisted,,True,False,0.03000000,False,
CTSI-USD,CTSI,USD,0.0001,0.1,CTSI-USD,1,False,False,False,False,online,,False,False,0.03000000,False,
CTX-EUR,CTX,EUR,0.01,0.001,CTX-EUR,1,False,False,False,False,delisted,,True,False,0.05000000,False,
CTX-USD,CTX,USD,0.0001,0.001,CTX-USD,5,False,False,False,False,online,,False,False,0.05000000,False,
CTX-USDT,CTX,USDT,0.01,0.001,CTX-USDT,5,False,False,False,False,delisted,,True,False,0.05000000,False,
CVC-USD,CVC,USD,0.0001,0.1,CVC-USD,1,False,False,False,False,online,,False,False,0.03000000,False,
CVC-USDC,CVC,USDC,0.000001,1,CVC-USDC,1,False,False,False,False,delisted,,True,False,0.03000000,False,
CVX-USD,CVX,USD,0.001,0.001,CVX-USD,1,False,False,False,False,online,,False,False,0.03000000,False,
DAI-USD,DAI,USD,0.0001,0.00001,DAI-USD,1,False,False,False,False,online,,False,True,0.01000000,False,0.03000000
DAI-USDC,DAI,USDC,0.0001,0.00001,DAI-USDC,1,False,False,False,False,delisted,,True,True,0.01000000,False,
DAR-USD,DAR,USD,0.001,0.01,DAR-USD,1,False,False,False,False,delisted,,True,False,0.03000000,False,
DASH-BTC,DASH,BTC,0.000001,0.00000001,DASH-BTC,0.000016,False,False,False,False,online,,False,False,0.03000000,False,
DASH-USD,DASH,USD,0.01,0.00000001,DASH-USD,1,False,False,False,False,online,,False,False,0.03000000,False,
DBR-USD,DBR,USD,0.00001,1,DBR/USD,1,False,False,False,False,online,,False,False,0.03000000,False,
DDX-EUR,DDX,EUR,0.0001,0.01,DDX-EUR,0.84,False,False,False,False,delisted,,True,False,0.03000000,False,
DDX-USD,DDX,USD,0.0001,0.01,DDX-USD,1,False,False,False,False,delisted,,True,False,0.03000000,False,
DDX-USDT,DDX,USDT,0.0001,0.01,DDX-USDT,1,False,False,False,False,delisted,,True,False,0.03000000,False,
DEGEN-USD,DEGEN,USD,0.000001,1,DEGEN/USD,1,False,False,False,False,online,,False,False,0.03000000,False,
DESO-EUR,DESO,EUR,0.01,0.001,DESO-EUR,1,False,False,False,False,delisted,,True,False,0.03000000,False,
DESO-USD,DESO,USD,0.01,0.001,DESO-USD,1,False,False,False,False,delisted,,True,False,0.03000000,False,
DESO-USDT,DESO,USDT,0.01,0.001,DESO-USDT,1,False,False,False,False,delisted,,True,False,0.03000000,False,
DEXT-USD,DEXT,USD,0.0001,0.1,DEXT-USD,1,False,False,False,False,online,,False,False,0.05000000,False,
DIA-EUR,DIA,EUR,0.00001,0.01,DIA-EUR,1,False,False,False,False,delisted,,True,False,0.03000000,False,
DIA-USD,DIA,USD,0.00001,0.01,DIA-USD,1,False,False,False,False,online,,False,False,0.03000000,False,
DIA-USDT,DIA,USDT,0.00001,0.01,DIA-USDT,1,False,False,False,False,delisted,,True,False,0.03000000,False,
DIMO-USD,DIMO,USD,0.00001,0.1,DIMO-USD,1,False,False,False,False,online,,False,False,0.03000000,False,
DNT-USD,DNT,USD,0.0001,0.1,DNT-USD,1,False,False,False,False,online,,False,False,0.05000000,False,
DNT-USDC,DNT,USDC,0.000001,1,DNT-USDC,1,False,False,False,False,delisted,,True,False,0.03000000,False,
DOGE-BTC,DOGE,BTC,0.00000001,0.1,DOGE-BTC,0.000016,False,False,False,False,online,,False,False,0.03000000,False,
DOGE-EUR,DOGE,EUR,0.0001,0.1,DOGE-EUR,0.84,False,False,False,False,online,,False,False,0.03000000,False,
DOGE-GBP,DOGE,GBP,0.0001,0.1,DOGE-GBP,0.72,False,False,False,False,online,,False,False,0.03000000,False,
DOGE-USD,DOGE,USD,0.00001,0.1,DOGE-USD,1,False,False,False,False,online,,False,False,0.03000000,False,
DOGE-USDT,DOGE,USDT,0.0001,0.1,DOGE-USDT,1,False,False,False,False,online,,False,False,0.03000000,False,
DOGINME-USD,DOGINME,USD,0.0000001,1,DOGINME/USD,1,False,False,False,False,online,,False,False,0.03000000,False,
DOLO-USD,DOLO,USD,0.00001,0.1,DOLO/USD,1,False,False,False,False,online,,False,False,0.03000000,False,
DOT-BTC,DOT,BTC,0.0000001,0.001,DOT-BTC,0.000016,False,False,False,False,online,,False,False,0.03000000,False,
DOT-EUR,DOT,EUR,0.01,0.001,DOT-EUR,0.84,False,False,False,False,online,,False,False,0.03000000,False,
DOT-GBP,DOT,GBP,0.01,0.001,DOT-GBP,0.72,False,False,False,False,online,,False,False,0.03000000,False,
DOT-USD,DOT,USD,0.001,0.00000001,DOT-USD,1,False,False,False,False,online,,False,False,0.03000000,False,
DOT-USDT,DOT,USDT,0.01,0.001,DOT-USDT,1,False,False,False,False,online,,False,False,0.03000000,False,
DREP-USD,DREP,USD,0.0001,0.01,DREP-USD,1,False,False,False,False,delisted,,True,False,0.05000000,False,
DREP-USDT,DREP,USDT,0.0001,0.01,DREP-USDT,1,False,False,False,False,delisted,,True,False,0.05000000,False,
DRIFT-USD,DRIFT,USD,0.001,0.01,DRIFT/USD,1,False,False,False,False,online,,False,False,0.03000000,False,
DYP-USD,DYP,USD,0.00001,0.1,DYP-USD,1,False,False,False,False,delisted,,True,False,0.03000000,False,
DYP-USDT,DYP,USDT,0.00001,0.1,DYP-USDT,1,False,False,False,False,delisted,,True,False,0.03000000,False,
EDGE-USD,EDGE,USD,0.00001,0.1,EDGE/USD,1,False,False,False,False,online,,False,False,0.03000000,False,
EGLD-USD,EGLD,USD,0.01,0.001,EGLD-USD,1,False,False,False,False,online,,False,False,0.03000000,False,
EIGEN-USD,EIGEN,USD,0.001,0.01,EIGEN/USD,1,False,False,False,False,online,,False,False,0.03000000,False,
ELA-USD,ELA,USD,0.001,0.01,ELA-USD,1,False,False,False,False,online,,False,False,0.03000000,False,
ELA-USDT,ELA,USDT,0.001,0.01,ELA-USDT,1,False,False,False,False,delisted,,True,False,0.03000000,False,
ENA-USD,ENA,USD,0.0001,0.1,ENA/USD,1,False,False,False,False,online,,False,False,0.03000000,False,
ENJ-BTC,ENJ,BTC,0.00000001,0.01,ENJ-BTC,0.000016,False,False,False,False,delisted,,True,False,0.03000000,False,
ENJ-USD,ENJ,USD,0.001,0.01,ENJ-USD,1,False,False,False,False,delisted,,True,False,0.03000000,False,
ENJ-USDT,ENJ,USDT,0.001,0.01,ENJ-USDT,1,False,False,False,False,delisted,,True,False,0.03000000,False,
ENS-EUR,ENS,EUR,0.01,0.001,ENS-EUR,0.84,False,False,False,False,online,,False,False,0.03000000,False,
ENS-USD,ENS,USD,0.01,0.001,ENS-USD,1,False,False,False,False,online,,False,False,0.03000000,False,
ENS-USDT,ENS,USDT,0.01,0.001,ENS-USDT,1,False,False,False,False,online,,False,False,0.03000000,False,
EOS-BTC,EOS,BTC,0.00000001,0.1,EOS-BTC,0.000016,False,False,False,False,online,,False,False,0.03000000,False,
EOS-EUR,EOS,EUR,0.0001,0.1,EOS-EUR,0.84,False,False,False,False,online,,False,False,0.03000000,False,
EOS-USD,EOS,USD,0.0001,0.1,EOS-USD,1,False,False,False,False,online,,False,False,0.03000000,False,
ERA-USD,ERA,USD,0.0001,0.01,ERA/USD,1,False,False,False,False,online,,False,False,0.03000000,False,
ERN-EUR,ERN,EUR,0.01,0.001,ERN-EUR,1,False,False,False,False,delisted,,True,False,0.03000000,False,
ERN-USD,ERN,USD,0.0001,0.001,ERN-USD,1,False,False,False,False,delisted,,True,False,0.03000000,False,
ERN-USDT,ERN,USDT,0.01,0.001,ERN-USDT,1,False,False,False,False,delisted,,True,False,0.03000000,False,
ETC-BTC,ETC,BTC,0.000001,0.00000001,ETC-BTC,0.000016,False,False,False,False,online,,False,False,0.03000000,False,
ETC-EUR,ETC,EUR,0.01,0.00000001,ETC-EUR,0.84,False,False,False,False,online,,False,False,0.03000000,False,
ETC-GBP,ETC,GBP,0.01,0.00000001,ETC-GBP,0.72,False,False,False,False,online,,False,False,0.03000000,False,
ETC-USD,ETC,USD,0.01,0.00000001,ETC-USD,1,False,False,False,False,online,,False,False,0.03000000,False,
ETH-BTC,ETH,BTC,0.00001,0.00000001,ETH-BTC,0.00001,False,False,False,False,online,,False,False,0.03000000,False,
ETH-DAI,ETH,DAI,0.01,0.00000001,ETH-DAI,1,False,False,False,False,online,,False,False,0.03000000,False,
ETH-EUR,ETH,EUR,0.01,0.00000001,ETH-EUR,0.84,False,False,False,False,online,,False,False,0.03000000,False,
ETH-GBP,ETH,GBP,0.01,0.00000001,ETH-GBP,0.72,False,False,False,False,online,,False,False,0.03000000,False,
ETH-USD,ETH,USD,0.01,0.00000001,ETH-USD,1,False,False,False,False,online,,False,False,0.02000000,False,
ETH-USDC,ETH,USDC,1,0.00000001,ETH-USDC,1,False,False,False,False,delisted,,True,False,0.03000000,False,
ETH-USDT,ETH,USDT,0.01,0.00000001,ETH-USDT,1,False,False,False,False,online,,False,False,0.03000000,False,
ETHFI-USD,ETHFI,USD,0.001,0.01,ETHFI/USD,1,False,False,False,False,online,,False,False,0.03000000,False,
EUL-USD,EUL,USD,0.001,0.001,EUL/USD,1,False,False,False,False,online,,False,False,0.03000000,False,
EURC-EUR,EURC,EUR,0.001,0.01,EURC/EUR,1,False,False,False,False,delisted,,True,True,0.01000000,False,0.03000000
EURC-USD,EURC,USD,0.001,0.01,EURC/USD,1,False,False,False,False,delisted,,True,True,0.01000000,False,0.03000000
EURC-USDC,EURC,USDC,0.0001,1,EURC/USDC,1,False,False,True,False,online,,False,True,0.01000000,False,0.03000000
FAI-USD,FAI,USD,0.00001,1,FAI/USD,1,False,False,False,False,online,,False,False,0.03000000,False,
FARM-USD,FARM,USD,0.01,0.001,FARM-USD,1,False,False,False,False,online,,False,False,0.03000000,False,
FARM-USDT,FARM,USDT,0.01,0.001,FARM-USDT,1,False,False,False,False,delisted,,True,False,0.03000000,False,
FARTCOIN-USD,FARTCOIN,USD,0.0001,0.01,FARTCOIN/USD,1,False,False,False,False,online,,False,False,0.03000000,False,
FET-USD,FET,USD,0.0001,0.1,FET-USD,1,False,False,False,False,online,,False,False,0.03000000,False,
FET-USDT,FET,USDT,0.0001,0.1,FET-USDT,1,False,False,False,False,online,,False,False,0.03000000,False,
FIDA-EUR,FIDA,EUR,0.0001,0.01,FIDA-EUR,1,False,False,False,False,delisted,,True,False,0.03000000,False,
FIDA-USD,FIDA,USD,0.0001,0.01,FIDA-USD,1,False,False,False,False,online,,False,False,0.03000000,False,
FIDA-USDT,FIDA,USDT,0.0001,0.01,FIDA-USDT,1,False,False,False,False,delisted,,True,False,0.03000000,False,
FIL-BTC,FIL,BTC,0.00000001,0.001,FIL-BTC,0.000016,False,False,False,False,online,,False,False,0.03000000,False,
FIL-EUR,FIL,EUR,0.01,0.001,FIL-EUR,0.84,False,False,False,False,online,,False,False,0.03000000,False,
FIL-GBP,FIL,GBP,0.01,0.001,FIL-GBP,0.72,False,False,False,False,online,,False,False,0.03000000,False,
FIL-USD,FIL,USD,0.001,0.001,FIL-USD,1,False,False,False,False,online,,False,False,0.03000000,False,
FIS-USD,FIS,USD,0.0001,0.1,FIS-USD,1,False,False,False,False,online,,False,False,0.03000000,False,
FIS-USDT,FIS,USDT,0.0001,0.1,FIS-USDT,1,False,False,False,False,delisted,,True,False,0.03000000,False,
FLOCK-USD,FLOCK,USD,0.0001,0.1,FLOCK/USD,1,False,False,False,False,online,,False,False,0.03000000,False,
FLOKI-USD,FLOKI,USD,0.0000001,1,FLOKI/USD,1,False,False,False,False,online,,False,False,0.03000000,False,
FLOW-USD,FLOW,USD,0.001,0.001,FLOW-USD,1,False,False,False,False,online,,False,False,0.03000000,False,
FLOW-USDT,FLOW,USDT,0.001,0.001,FLOW-USDT,1,False,False,False,False,online,,False,False,0.03000000,False,
FLR-USD,FLR,USD,0.00001,1,FLR-USD,1,False,False,False,False,online,,False,False,0.03000000,False,
FORT-USD,FORT,USD,0.0001,0.01,FORT-USD,1,False,False,False,False,online,,False,False,0.03000000,False,
FORT-USDT,FORT,USDT,0.0001,0.01,FORT-USDT,1,False,False,False,False,delisted,,True,False,0.03000000,False,
FORTH-BTC,FORTH,BTC,0.0000001,0.001,FORTH-BTC,0.000016,False,False,False,False,delisted,,True,False,0.03000000,False,
FORTH-EUR,FORTH,EUR,0.01,0.001,FORTH-EUR,0.84,False,False,False,False,delisted,,True,False,0.03000000,False,
FORTH-GBP,FORTH,GBP,0.001,0.001,FORTH-GBP,0.72,False,False,False,False,delisted,,True,False,0.03000000,False,
FORTH-USD,FORTH,USD,0.0001,0.001,FORTH-USD,1,False,False,False,False,online,,False,False,0.03000000,False,
FOX-USD,FOX,USD,0.0001,0.1,FOX-USD,1,False,False,False,False,online,,False,False,0.03000000,False,
FOX-USDT,FOX,USDT,0.0001,0.1,FOX-USDT,1,False,False,False,False,delisted,,True,False,0.03000000,False,
FX-USD,FX,USD,0.0001,0.1,FX-USD,1,False,False,False,False,delisted,,True,False,0.03000000,False,
G-USD,G,USD,0.00001,1,G/USD,1,False,False,False,False,online,,False,False,0.03000000,False,
GAL-USD,GAL,USD,0.001,0.001,GAL-USD,1,False,False,False,False,delisted,,True,False,0.03000000,False,
GAL-USDT,GAL,USDT,0.001,0.001,GAL-USDT,1,False,False,False,False,delisted,,True,False,0.03000000,False,
GALA-EUR,GALA,EUR,0.0001,1,GALA-EUR,0.84,False,False,False,False,delisted,,True,False,0.03000000,False,
GALA-USD,GALA,USD,0.00001,1,GALA-USD,1,False,False,False,False,delisted,,True,False,0.03000000,False,
GALA-USDT,GALA,USDT,0.00001,1,GALA-USDT,1,False,False,False,False,delisted,,True,False,0.03000000,False,
GFI-USD,GFI,USD,0.0001,0.01,GFI-USD,1,False,False,False,False,online,,False,False,0.03000000,False,
GHST-USD,GHST,USD,0.001,0.01,GHST-USD,1,False,False,False,False,online,,False,False,0.03000000,False,
GIGA-USD,GIGA,USD,0.00001,0.1,GIGA/USD,1,False,False,False,False,online,,False,False,0.03000000,False,
GLM-USD,GLM,USD,0.0001,0.1,GLM-USD,1,False,False,False,False,online,,False,False,0.03000000,False,
GMT-USD,GMT,USD,0.0001,0.01,GMT-USD,1,False,False,False,False,online,,False,False,0.03000000,False,
GMT-USDT,GMT,USDT,0.0001,0.01,GMT-USDT,1,False,False,False,False,delisted,,True,False,0.03000000,False,
GNO-USD,GNO,USD,0.01,0.0001,GNO-USD,1,False,False,True,False,online,,False,False,0.03000000,False,
GNO-USDT,GNO,USDT,0.01,0.0001,GNO-USDT,1,False,False,False,False,delisted,,True,False,0.03000000,False,
GNT-USDC,GNT,USDC,0.000001,1,GNT-USDC,1,False,False,False,False,delisted,,True,False,0.03000000,False,
GODS-USD,GODS,USD,0.00001,0.01,GODS-USD,1,False,False,False,False,online,,False,False,0.03000000,False,
GRT-BTC,GRT,BTC,0.00000001,0.01,GRT-BTC,0.000016,False,False,False,False,online,,False,False,0.03000000,False,
GRT-EUR,GRT,EUR,0.0001,0.01,GRT-EUR,0.84,False,False,False,False,online,,False,False,0.03000000,False,
GRT-GBP,GRT,GBP,0.0001,0.01,GRT-GBP,0.72,False,False,False,False,online,,False,False,0.03000000,False,
GRT-USD,GRT,USD,0.0001,0.01,GRT-USD,1,False,False,False,False,online,,False,False,0.03000000,False,
GST-USD,GST,USD,0.000001,0.01,GST-USD,1,False,False,False,False,online,,False,False,0.03000000,False,
GTC-USD,GTC,USD,0.01,0.01,GTC-USD,1,False,False,False,False,online,,False,False,0.05000000,False,
GUSD-USD,GUSD,USD,0.001,0.01,GUSD-USD,1,False,False,False,False,delisted,,True,True,0.01000000,False,0.03000000
GYEN-USD,GYEN,USD,0.000001,1,GYEN-USD,1,False,False,False,False,delisted,,True,True,0.01000000,False,0.03000000
HBAR-USD,HBAR,USD,0.00001,0.1,HBAR-USD,1,False,False,False,False,online,,False,False,0.03000000,False,
HBAR-USDT,HBAR,USDT,0.00001,0.1,HBAR-USDT,1,False,False,False,False,online,,False,False,0.03000000,False,
HFT-USD,HFT,USD,0.0001,0.01,HFT-USD,1,False,False,False,False,online,,False,False,0.03000000,False,
HFT-USDT,HFT,USDT,0.0001,0.01,HFT-USDT,1,False,False,False,False,delisted,,True,False,0.03000000,False,
HIGH-USD,HIGH,USD,0.001,0.01,HIGH-USD,1,False,False,False,False,online,,False,False,0.03000000,False,
HNT-USD,HNT,USD,0.001,0.01,HNT-USD,1,False,False,False,False,online,,False,False,0.03000000,False,
HOME-USD,HOME,USD,0.00001,1,HOME/USD,1,False,False,False,False,online,,False,False,0.03000000,False,
HONEY-USD,HONEY,USD,0.0001,0.1,HONEY-USD,1,False,False,False,False,online,,False,False,0.03000000,False,
HOPR-USD,HOPR,USD,0.0001,0.1,HOPR-USD,1,False,False,False,False,online,,False,False,0.03000000,False,
HOPR-USDT,HOPR,USDT,0.0001,0.1,HOPR-USDT,1,False,False,False,False,delisted,,True,False,0.03000000,False,
ICP-BTC,ICP,BTC,0.0000001,0.0001,ICP-BTC,0.000016,False,False,False,False,online,,False,False,0.03000000,False,
ICP-EUR,ICP,EUR,0.001,0.0001,ICP-EUR,0.84,False,False,False,False,online,,False,False,0.03000000,False,
ICP-GBP,ICP,GBP,0.001,0.0001,ICP-GBP,0.72,False,False,False,False,online,,False,False,0.03000000,False,
ICP-USD,ICP,USD,0.001,0.0001,ICP-USD,1,False,False,False,False,online,,False,False,0.03000000,False,
ICP-USDT,ICP,USDT,0.001,0.0001,ICP-USDT,1,False,False,False,False,online,,False,False,0.03000000,False,
IDEX-USD,IDEX,USD,0.0001,0.1,IDEX-USD,1,False,False,False,False,online,,False,False,0.03000000,False,
IDEX-USDT,IDEX,USDT,0.0001,0.1,IDEX-USDT,1,False,False,False,False,delisted,,True,False,0.03000000,False,
ILV-USD,ILV,USD,0.01,0.0001,ILV-USD,1,False,False,False,False,online,,False,False,0.03000000,False,
IMX-USD,IMX,USD,0.0001,0.01,IMX-USD,1,False,False,False,False,online,,False,False,0.03000000,False,
IMX-USDT,IMX,USDT,0.0001,0.01,IMX-USDT,1,False,False,False,False,online,,False,False,0.03000000,False,
INDEX-USD,INDEX,USD,0.01,0.001,INDEX-USD,1,False,False,False,False,online,,False,False,0.03000000,False,
INDEX-USDT,INDEX,USDT,0.01,0.001,INDEX-USDT,1,False,False,False,False,delisted,,True,False,0.03000000,False,
INJ-USD,INJ,USD,0.001,0.01,INJ-USD,1,False,False,False,False,online,,False,False,0.03000000,False,
INV-USD,INV,USD,0.01,0.0001,INV-USD,1,False,False,True,False,online,,False,False,0.05000000,False,
IO-USD,IO,USD,0.001,0.01,IO/USD,1,False,False,False,False,online,,False,False,0.03000000,False,
IOTX-EUR,IOTX,EUR,0.00001,1,IOTX-EUR,0.84,False,False,False,False,delisted,,True,False,0.03000000,False,
IOTX-USD,IOTX,USD,0.00001,1,IOTX-USD,1,False,False,False,False,online,,False,False,0.03000000,False,
IP-USD,IP,USD,0.001,0.01,IP/USD,1,False,False,False,False,online,,False,False,0.03000000,False,
JASMY-USD,JASMY,USD,0.00001,1,JASMY-USD,1,False,False,False,False,online,,False,False,0.03000000,False,
JASMY-USDT,JASMY,USDT,0.00001,1,JASMY-USDT,1,False,False,False,False,online,,False,False,0.03000000,False,
JITOSOL-USD,JITOSOL,USD,0.01,0.0001,JITOSOL/USD,1,False,False,False,False,online,,False,False,0.03000000,False,
JTO-USD,JTO,USD,0.0001,0.1,JTO-USD,1,False,False,False,False,online,,False,False,0.03000000,False,
JUP-USD,JUP,USD,0.000001,1,JUP-USD,1,False,False,False,False,delisted,,True,False,0.05000000,False,
KAITO-USD,KAITO,USD,0.0001,0.01,KAITO/USD,1,False,False,False,False,online,,False,False,0.03000000,False,
KARRAT-USD,KARRAT,USD,0.0001,0.01,KARRAT/USD,1,False,False,False,False,online,,False,False,0.03000000,False,
KAVA-USD,KAVA,USD,0.0001,0.01,KAVA-USD,1,False,False,False,False,online,,False,False,0.03000000,False,
KEEP-USD,KEEP,USD,0.0001,0.1,KEEP-USD,1,False,False,False,False,delisted,,True,False,0.03000000,False,
KERNEL-USD,KERNEL,USD,0.0001,0.01,KERNEL/USD,1,False,False,False,False,online,,False,False,0.03000000,False,
KEYCAT-USD,KEYCAT,USD,0.000001,1,KEYCAT/USD,1,False,False,False,False,online,,False,False,0.03000000,False,
KITE-USD,KITE,USD,0.00001,0.1,KITE/USD,1,False,False,False,False,online,,False,False,0.03000000,False,
KMNO-USD,KMNO,USD,0.00001,0.1,KMNO/USD,1,False,False,False,False,online,,False,False,0.03000000,False,
KNC-BTC,KNC,BTC,0.00000001,0.1,KNC-BTC,0.000016,False,False,False,False,delisted,,True,False,0.03000000,False,
KNC-USD,KNC,USD,0.0001,0.1,KNC-USD,1,False,False,False,False,online,,False,False,0.03000000,False,
KRL-EUR,KRL,EUR,0.0001,0.1,KRL-EUR,0.84,False,False,False,False,delisted,,True,False,0.05000000,False,
KRL-USD,KRL,USD,0.0001,0.1,KRL-USD,1,False,False,False,False,online,,False,False,0.05000000,False,
KRL-USDT,KRL,USDT,0.0001,0.1,KRL-USDT,1,False,False,False,False,delisted,,True,False,0.05000000,False,
KSM-USD,KSM,USD,0.01,0.0001,KSM-USD,1,False,False,False,False,online,,False,False,0.03000000,False,
KSM-USDT,KSM,USDT,0.01,0.0001,KSM-USDT,1,False,False,False,False,delisted,,True,False,0.03000000,False,
KTA-USD,KTA,USD,0.0001,0.1,KTA/USD,1,False,False,False,False,online,,False,False,0.03000000,False,
L3-USD,L3,USD,0.00001,0.1,L3/USD,1,False,False,False,False,online,,False,False,0.03000000,False,
LA-USD,LA,USD,0.0001,0.1,LA/USD,1,False,False,False,False,online,,False,False,0.03000000,False,
LAYER-USD,LAYER,USD,0.0001,0.01,LAYER/USD,1,False,False,False,False,online,,False,False,0.03000000,False,
LCX-EUR,LCX,EUR,0.0001,0.1,LCX-EUR,0.84,False,False,False,False,delisted,,True,False,0.03000000,False,
LCX-USD,LCX,USD,0.0001,0.1,LCX-USD,1,False,False,False,False,online,,False,False,0.03000000,False,
LCX-USDT,LCX,USDT,0.0001,0.1,LCX-USDT,1,False,False,False,False,delisted,,True,False,0.03000000,False,
LDO-USD,LDO,USD,0.001,0.01,LDO-USD,1,False,False,False,False,online,,False,False,0.03000000,False,
LINEA-USD,LINEA,USD,0.00001,1,LINEA/USD,1,False,False,False,False,online,,False,False,0.03000000,False,
LINK-BTC,LINK,BTC,0.00000001,0.01,LINK-BTC,0.000016,False,False,False,False,online,,False,False,0.03000000,False,
LINK-ETH,LINK,ETH,0.00000001,0.01,LINK-ETH,0.00022,False,False,False,False,online,,False,False,0.03000000,False,
LINK-EUR,LINK,EUR,0.01,0.01,LINK-EUR,0.84,False,False,False,False,online,,False,False,0.03000000,False,
LINK-GBP,LINK,GBP,0.01,0.01,LINK-GBP,0.72,False,False,False,False,online,,False,False,0.03000000,False,
LINK-USD,LINK,USD,0.001,0.01,LINK-USD,1,False,False,False,False,online,,False,False,0.03000000,False,
LINK-USDT,LINK,USDT,0.01,0.001,LINK-USDT,1,False,False,False,False,online,,False,False,0.03000000,False,
LIT-USD,LIT,USD,0.0001,0.01,LIT-USD,1,False,False,False,False,delisted,,True,False,0.03000000,False,
LOKA-USD,LOKA,USD,0.0001,0.01,LOKA-USD,1,False,False,False,False,online,,False,False,0.03000000,False,
LOOM-USD,LOOM,USD,0.0001,0.1,LOOM-USD,1,False,False,False,False,delisted,,True,False,0.03000000,False,
LOOM-USDC,LOOM,USDC,0.000001,1,LOOM-USDC,1,False,False,False,False,delisted,,True,False,0.03000000,False,
LPT-USD,LPT,USD,0.01,0.001,LPT-USD,1,False,False,False,False,online,,False,False,0.03000000,False,
LQTY-EUR,LQTY,EUR,0.0001,0.01,LQTY-EUR,1,False,False,False,False,delisted,,True,False,0.03000000,False,
LQTY-USD,LQTY,USD,0.0001,0.01,LQTY-USD,1,False,False,False,False,online,,False,False,0.03000000,False,
LQTY-USDT,LQTY,USDT,0.0001,0.01,LQTY-USDT,1,False,False,False,False,delisted,,True,False,0.03000000,False,
LRC-BTC,LRC,BTC,0.00000001,1,LRC-BTC,0.000016,False,False,False,False,online,,False,False,0.03000000,False,
LRC-USD,LRC,USD,0.0001,0.000001,LRC-USD,1,False,False,False,False,online,,False,False,0.03000000,False,
LRC-USDT,LRC,USDT,0.0001,0.01,LRC-USDT,1,False,False,False,False,online,,False,False,0.03000000,False,
LRDS-USD,LRDS,USD,0.0001,0.01,LRDS/USD,1,False,False,False,False,online,,False,False,0.03000000,False,
LSETH-ETH,LSETH,ETH,0.00001,0.00001,LSETH-ETH,0.002,False,False,True,False,online,,False,True,0.01000000,False,
LSETH-USD,LSETH,USD,0.01,0.00001,LSETH-USD,1,False,False,False,False,online,,False,False,0.03000000,False,
LTC-BTC,LTC,BTC,0.000001,0.00000001,LTC-BTC,0.000016,False,False,False,False,online,,False,False,0.03000000,False,
LTC-EUR,LTC,EUR,0.01,0.00000001,LTC-EUR,0.84,False,False,False,False,online,,False,False,0.03000000,False,
LTC-GBP,LTC,GBP,0.01,0.00000001,LTC-GBP,0.72,False,False,False,False,online,,False,False,0.03000000,False,
LTC-USD,LTC,USD,0.01,0.00000001,LTC-USD,1,False,False,False,False,online,,False,False,0.03000000,False,
MAGIC-USD,MAGIC,USD,0.0001,0.01,MAGIC-USD,1,False,False,False,False,online,,False,False,0.03000000,False,
MAMO-USD,MAMO,USD,0.00001,0.1,MAMO/USD,1,False,False,False,False,online,,False,False,0.03000000,False,
MANA-BTC,MANA,BTC,0.0000001,0.01,MANA-BTC,0.000016,False,False,False,False,delisted,,True,False,0.03000000,False,
MANA-ETH,MANA,ETH,0.0000001,0.01,MANA-ETH,0.00022,False,False,False,False,online,,False,False,0.03000000,False,
MANA-EUR,MANA,EUR,0.001,0.01,MANA-EUR,0.84,False,False,False,False,online,,False,False,0.03000000,False,
MANA-USD,MANA,USD,0.0001,0.01,MANA-USD,1,False,False,False,False,online,,False,False,0.03000000,False,
MANA-USDC,MANA,USDC,0.000001,1,MANA-USDC,1,False,False,False,False,delisted,,True,False,0.03000000,False,
MANTLE-USD,MANTLE,USD,0.0001,0.01,MANTLE/USD,1,False,False,False,False,online,,False,False,0.03000000,False,
MASK-EUR,MASK,EUR,0.01,0.01,MASK-EUR,0.84,False,False,False,False,delisted,,True,False,0.05000000,False,
MASK-GBP,MASK,GBP,0.001,0.01,MASK-GBP,0.72,False,False,False,False,online,,False,False,0.05000000,False,
MASK-USD,MASK,USD,0.01,0.01,MASK-USD,1,False,False,False,False,online,,False,False,0.05000000,False,
MASK-USDT,MASK,USDT,0.01,0.01,MASK-USDT,1,False,False,False,False,delisted,,True,False,0.05000000,False,
MATH-USD,MATH,USD,0.0001,0.1,MATH-USD,1,False,False,False,False,online,,False,False,0.03000000,False,
MATH-USDT,MATH,USDT,0.0001,0.1,MATH-USDT,1,False,False,False,False,delisted,,True,False,0.03000000,False,
MATIC-BTC,MATIC,BTC,0.00000001,0.1,MATIC-BTC,0.000016,False,False,False,False,delisted,,True,False,0.03000000,False,
MATIC-EUR,MATIC,EUR,0.0001,0.1,MATIC-EUR,0.84,False,False,False,False,delisted,,True,False,0.03000000,False,
MATIC-GBP,MATIC,GBP,0.0001,0.1,MATIC-GBP,0.72,False,False,False,False,delisted,,True,False,0.03000000,False,
MATIC-USD,MATIC,USD,0.0001,0.1,MATIC-USD,1,False,False,False,False,delisted,,True,False,0.03000000,False,
MATIC-USDT,MATIC,USDT,0.001,0.01,MATIC-USDT,1,False,False,False,False,delisted,,True,False,0.03000000,False,
MCO2-USD,MCO2,USD,0.01,0.01,MCO2-USD,1,False,False,False,False,delisted,,True,False,0.05000000,False,
MCO2-USDT,MCO2,USDT,0.01,0.01,MCO2-USDT,1,False,False,False,False,delisted,,True,False,0.05000000,False,
MDT-USD,MDT,USD,0.00001,1,MDT-USD,1,False,False,False,False,online,,False,False,0.03000000,False,
MDT-USDT,MDT,USDT,0.00001,1,MDT-USDT,1,False,False,False,False,delisted,,True,False,0.03000000,False,
ME-USD,ME,USD,0.001,0.01,ME/USD,1,False,False,False,False,online,,False,False,0.03000000,False,
MEDIA-USD,MEDIA,USD,0.01,0.001,MEDIA-USD,1,False,False,False,False,delisted,,True,False,0.03000000,False,
MEDIA-USDT,MEDIA,USDT,0.01,0.001,MEDIA-USDT,1,False,False,False,False,delisted,,True,False,0.03000000,False,
MET-USD,MET,USD,0.0001,0.01,MET/USD,1,False,False,False,False,online,,False,False,0.03000000,False,
METIS-USD,METIS,USD,0.01,0.001,METIS-USD,1,False,False,False,False,online,,False,False,0.03000000,False,
METIS-USDT,METIS,USDT,0.01,0.001,METIS-USDT,1,False,False,False,False,delisted,,True,False,0.03000000,False,
MINA-EUR,MINA,EUR,0.001,0.001,MINA-EUR,1,False,False,False,False,online,,False,False,0.03000000,False,
MINA-USD,MINA,USD,0.001,0.001,MINA-USD,1,False,False,False,False,online,,False,False,0.03000000,False,
MINA-USDT,MINA,USDT,0.001,0.001,MINA-USDT,1,False,False,False,False,delisted,,True,False,0.03000000,False,
MIR-BTC,MIR,BTC,0.00000001,0.01,MIR-BTC,0.000016,False,False,False,False,delisted,,True,False,0.03000000,False,
MIR-EUR,MIR,EUR,0.001,0.01,MIR-EUR,0.84,False,False,False,False,delisted,,True,False,0.03000000,False,
MIR-GBP,MIR,GBP,0.001,0.01,MIR-GBP,0.72,False,False,False,False,delisted,,True,False,0.03000000,False,
MIR-USD,MIR,USD,0.0001,0.01,MIR-USD,1,False,False,False,False,delisted,,True,False,0.03000000,False,
MKR-BTC,MKR,BTC,0.00001,0.000001,MKR-BTC,0.00001,False,False,False,False,online,,False,False,0.03000000,False,
MKR-USD,MKR,USD,0.01,0.000001,MKR-USD,1,False,False,False,False,online,,False,False,0.03000000,False,
MLN-USD,MLN,USD,0.01,0.001,MLN-USD,1,False,False,False,False,online,,False,False,0.03000000,False,
MNDE-USD,MNDE,USD,0.00001,0.1,MNDE-USD,1,False,False,False,False,online,,False,False,0.03000000,False,
MOBILE-USD,MOBILE,USD,0.000001,1,MOBILE/USD,1,False,False,False,False,delisted,,True,False,0.03000000,False,
MOG-USD,MOG,USD,0.00000001,1,MOG/USD,1,False,False,False,False,online,,False,False,0.03000000,False,
MONA-USD,MONA,USD,0.01,0.0001,MONA-USD,1,False,False,False,False,delisted,,True,False,0.05000000,False,
MOODENG-USD,MOODENG,USD,0.0001,0.01,MOODENG/USD,1,False,False,False,False,online,,False,False,0.03000000,False,
MORPHO-USD,MORPHO,USD,0.0001,0.01,MORPHO/USD,1,False,False,False,False,online,,False,False,0.03000000,False,
MOVE-USD,MOVE,USD,0.0001,0.1,MOVE/USD,1,False,False,False,False,delisted,,True,False,0.03000000,False,
MPL-USD,MPL,USD,0.01,0.001,MPL-USD,1,False,False,False,False,delisted,,True,False,0.03000000,False,
MPLX-USD,MPLX,USD,0.0001,0.1,MPLX/USD,1,False,False,False,False,online,,False,False,0.03000000,False,
MSOL-USD,MSOL,USD,0.01,0.001,MSOL-USD,1,False,False,False,False,online,,False,False,0.03000000,False,
MTL-USD,MTL,USD,0.001,0.01,MTL-USD,1,False,False,False,False,delisted,,True,False,0.03000000,False,
MULTI-USD,MULTI,USD,0.001,0.001,MULTI-USD,1,False,False,False,False,delisted,,True,False,0.03000000,False,
MUSD-USD,MUSD,USD,0.0001,0.01,MUSD-USD,1,False,False,False,False,delisted,,True,True,0.01000000,False,
MUSE-USD,MUSE,USD,0.001,0.001,MUSE-USD,1,False,False,False,False,online,,False,False,0.05000000,False,
MXC-USD,MXC,USD,0.00001,0.1,MXC-USD,1,False,False,False,False,delisted,,True,False,0.03000000,False,
NCT-EUR,NCT,EUR,0.00001,1,NCT-EUR,1,False,False,False,False,delisted,,True,False,0.03000000,False,
NCT-USD,NCT,USD,0.00001,1,NCT-USD,1,False,False,False,False,online,,False,False,0.03000000,False,
NCT-USDT,NCT,USDT,0.00001,1,NCT-USDT,1,False,False,False,False,delisted,,True,False,0.03000000,False,
NEAR-USD,NEAR,USD,0.001,0.001,NEAR-USD,1,False,False,False,False,online,,False,False,0.03000000,False,
NEAR-USDT,NEAR,USDT,0.001,0.001,NEAR-USDT,1,False,False,False,False,online,,False,False,0.03000000,False,
NEON-USD,NEON,USD,0.00001,0.01,NEON/USD,1,False,False,False,False,online,,False,False,0.03000000,False,
NEST-USD,NEST,USD,0.00001,1,NEST-USD,1,False,False,False,False,delisted,,True,False,0.03000000,False,
NEST-USDT,NEST,USDT,0.00001,1,NEST-USDT,1,False,False,False,False,delisted,,True,False,0.03000000,False,
NEWT-USD,NEWT,USD,0.0001,0.01,NEWT/USD,1,False,False,False,False,online,,False,False,0.03000000,False,
NKN-BTC,NKN,BTC,0.00000001,0.1,NKN-BTC,0.000016,False,False,False,False,delisted,,True,False,0.03000000,False,
NKN-EUR,NKN,EUR,0.0001,0.1,NKN-EUR,0.84,False,False,False,False,delisted,,True,False,0.03000000,False,
NKN-GBP,NKN,GBP,0.0001,0.1,NKN-GBP,0.72,False,False,False,False,delisted,,True,False,0.03000000,False,
NKN-USD,NKN,USD,0.0001,0.1,NKN-USD,1,False,False,False,False,online,,False,False,0.03000000,False,
NMR-BTC,NMR,BTC,0.0000001,0.001,NMR-BTC,0.000016,False,False,False,False,delisted,,True,False,0.03000000,False,
NMR-EUR,NMR,EUR,0.01,0.001,NMR-EUR,0.84,False,False,False,False,delisted,,True,False,0.03000000,False,
NMR-GBP,NMR,GBP,0.01,0.001,NMR-GBP,0.72,False,False,False,False,delisted,,True,False,0.03000000,False,
NMR-USD,NMR,USD,0.01,0.001,NMR-USD,1,False,False,False,False,online,,False,False,0.03000000,False,
NOICE-USD,NOICE,USD,0.0000001,1,NOICE/USD,1,False,False,False,False,online,,False,False,0.03000000,False,
NU-BTC,NU,BTC,0.00000001,1,NU-BTC,0.000016,False,False,False,False,delisted,,True,False,0.03000000,False,
NU-EUR,NU,EUR,0.0001,0.000001,NU-EUR,0.84,False,False,False,False,delisted,,True,False,0.03000000,False,
NU-GBP,NU,GBP,0.0001,0.000001,NU-GBP,0.72,False,False,False,False,delisted,,True,False,0.03000000,False,
NU-USD,NU,USD,0.0001,0.000001,NU-USD,1,False,False,False,False,delisted,,True,False,0.03000000,False,
OCEAN-USD,OCEAN,USD,0.0001,0.1,OCEAN-USD,1,False,False,False,False,online,,False,False,0.03000000,False,
OGN-BTC,OGN,BTC,0.00000001,0.01,OGN-BTC,0.000016,False,False,False,False,delisted,,True,False,0.03000000,False,
OGN-USD,OGN,USD,0.00001,0.01,OGN-USD,1,False,False,False,False,online,,False,False,0.03000000,False,
OMG-BTC,OMG,BTC,0.00000001,0.1,OMG-BTC,0.000016,False,False,False,False,delisted,,True,False,0.03000000,False,
OMG-EUR,OMG,EUR,0.0001,0.1,OMG-EUR,0.84,False,False,False,False,delisted,,True,False,0.03000000,False,
OMG-GBP,OMG,GBP,0.0001,0.1,OMG-GBP,0.72,False,False,False,False,delisted,,True,False,0.03000000,False,
OMG-USD,OMG,USD,0.0001,0.1,OMG-USD,1,False,False,False,False,delisted,,True,False,0.03000000,False,
OMNI-USD,OMNI,USD,0.001,0.01,OMNI/USD,1,False,False,False,False,online,,False,False,0.03000000,False,
ONDO-USD,ONDO,USD,0.00001,0.01,ONDO-USD,1,False,False,False,False,online,,False,False,0.03000000,False,
OOKI-USD,OOKI,USD,0.000001,1,OOKI-USD,1,False,False,False,False,delisted,,True,False,0.05000000,False,
OP-USD,OP,USD,0.001,0.01,OP-USD,1,False,False,False,False,online,,False,False,0.03000000,False,
OP-USDT,OP,USDT,0.001,0.01,OP-USDT,1,False,False,False,False,online,,False,False,0.03000000,False,
ORCA-USD,ORCA,USD,0.0001,0.01,ORCA-USD,1,False,False,False,False,online,,False,False,0.03000000,False,
ORN-BTC,ORN,BTC,0.0000001,0.01,ORN-BTC,0.000016,False,False,False,False,delisted,,True,False,0.03000000,False,
ORN-USD,ORN,USD,0.001,0.01,ORN-USD,1,False,False,False,False,delisted,,True,False,0.03000000,False,
ORN-USDT,ORN,USDT,0.001,0.01,ORN-USDT,1,False,False,False,False,delisted,,True,False,0.03000000,False,
OSMO-USD,OSMO,USD,0.0001,0.01,OSMO-USD,1,False,False,False,False,online,,False,False,0.03000000,False,
OXT-USD,OXT,USD,0.0001,1,OXT-USD,1,False,False,False,False,online,,False,False,0.03000000,False,
PAX-USD,PAX,USD,0.0001,0.01,PAX-USD,1,False,False,True,False,online,,False,True,0.01000000,False,0.03000000
PAX-USDT,PAX,USDT,0.0001,0.01,PAX-USDT,1,False,False,False,False,delisted,,True,True,0.01000000,False,0.03000000
PAXG-USD,PAXG,USD,0.01,0.00001,PAXG-USD,1,False,False,True,False,online,,False,False,0.03000000,False,
PENDLE-USD,PENDLE,USD,0.001,0.01,PENDLE/USD,1,False,False,False,False,online,,False,False,0.03000000,False,
PENGU-USD,PENGU,USD,0.000001,1,PENGU/USD,1,False,False,False,False,online,,False,False,0.03000000,False,
PEPE-USD,PEPE,USD,0.00000001,1,PEPE/USD,1,False,False,False,False,online,,False,False,0.03000000,False,
PERP-EUR,PERP,EUR,0.0001,0.001,PERP-EUR,0.84,False,False,False,False,delisted,,True,False,0.03000000,False,
PERP-USD,PERP,USD,0.0001,0.001,PERP-USD,1,False,False,False,False,online,,False,False,0.03000000,False,
PERP-USDT,PERP,USDT,0.0001,0.001,PERP-USDT,1,False,False,False,False,delisted,,True,False,0.03000000,False,
PIRATE-USD,PIRATE,USD,0.0001,0.1,PIRATE/USD,1,False,False,False,False,online,,False,False,0.03000000,False,
PLA-USD,PLA,USD,0.0001,0.1,PLA-USD,1,False,False,False,False,delisted,,True,False,0.03000000,False,
PLU-USD,PLU,USD,0.01,0.01,PLU-USD,1,False,False,False,False,online,,False,False,0.03000000,False,
PNG-USD,PNG,USD,0.00001,1,PNG-USD,1,False,False,False,False,online,,False,False,0.05000000,False,
PNUT-USD,PNUT,USD,0.0001,0.01,PNUT/USD,1,False,False,False,False,online,,False,False,0.03000000,False,
POL-USD,POL,USD,0.0001,0.01,POL/USD,1,False,False,False,False,online,,False,False,0.03000000,False,
POLS-USD,POLS,USD,0.0001,0.01,POLS-USD,1,False,False,False,False,online,,False,False,0.03000000,False,
POLS-USDT,POLS,USDT,0.0001,0.01,POLS-USDT,1,False,False,False,False,delisted,,True,False,0.03000000,False,
POLY-USD,POLY,USD,0.0001,1,POLY-USD,1,False,False,False,False,delisted,,True,False,0.03000000,False,
POLY-USDT,POLY,USDT,0.0001,1,POLY-USDT,1,False,False,False,False,delisted,,True,False,0.03000000,False,
POND-USD,POND,USD,0.00001,1,POND-USD,1,False,False,False,False,online,,False,False,0.03000000,False,
POND-USDT,POND,USDT,0.00001,1,POND-USDT,1,False,False,False,False,delisted,,True,False,0.03000000,False,
POPCAT-USD,POPCAT,USD,0.0001,0.01,POPCAT/USD,1,False,False,False,False,online,,False,False,0.03000000,False,
POWR-EUR,POWR,EUR,0.0001,0.1,POWR-EUR,0.84,False,False,False,False,delisted,,True,False,0.03000000,False,
POWR-USD,POWR,USD,0.0001,0.1,POWR-USD,1,False,False,False,False,online,,False,False,0.03000000,False,
POWR-USDT,POWR,USDT,0.0001,0.1,POWR-USDT,1,False,False,False,False,delisted,,True,False,0.03000000,False,
PRCL-USD,PRCL,USD,0.0001,0.1,PRCL/USD,1,False,False,False,False,online,,False,False,0.03000000,False,
PRIME-USD,PRIME,USD,0.001,0.01,PRIME-USD,1,False,False,False,False,online,,False,False,0.03000000,False,
PRO-USD,PRO,USD,0.0001,0.01,PRO-USD,1,False,False,False,False,online,,False,False,0.05000000,False,
PROMPT-USD,PROMPT,USD,0.00001,0.1,PROMPT/USD,1,False,False,False,False,online,,False,False,0.03000000,False,
PROVE-USD,PROVE,USD,0.0001,0.01,PROVE/USD,1,False,False,False,False,online,,False,False,0.03000000,False,
PRQ-USD,PRQ,USD,0.0001,0.1,PRQ-USD,1,False,False,False,False,delisted,,True,False,0.03000000,False,
PRQ-USDT,PRQ,USDT,0.0001,0.1,PRQ-USDT,1,False,False,False,False,delisted,,True,False,0.03000000,False,
PUMP-USD,PUMP,USD,0.000001,1,PUMP/USD,1,False,False,False,False,online,,False,False,0.03000000,False,
PUNDIX-USD,PUNDIX,USD,0.0001,0.01,PUNDIX-USD,1,False,False,False,False,online,,False,False,0.03000000,False,
PYR-USD,PYR,USD,0.001,0.01,PYR-USD,1,False,False,False,False,online,,False,False,0.03000000,False,
PYTH-USD,PYTH,USD,0.0001,0.1,PYTH/USD,1,False,False,False,False,online,,False,False,0.03000000,False,
PYUSD-USD,PYUSD,USD,0.00001,0.01,PYUSD-USD,1,False,False,False,False,delisted,,True,True,0.01000000,False,0.03000000
QI-USD,QI,USD,0.000001,1,QI-USD,1,False,False,False,False,online,,False,False,0.03000000,False,
QNT-USD,QNT,USD,0.01,0.001,QNT-USD,1,False,False,False,False,online,,False,False,0.03000000,False,
QNT-USDT,QNT,USDT,0.01,0.0001,QNT-USDT,1,False,False,False,False,online,,False,False,0.03000000,False,
QSP-USD,QSP,USD,0.00001,1,QSP-USD,1,False,False,False,False,delisted,,True,False,0.05000000,False,
QSP-USDT,QSP,USDT,0.00001,1,QSP-USDT,1,False,False,False,False,delisted,,True,False,0.05000000,False,
QUICK-USD,QUICK,USD,0.01,0.0001,QUICK-USD,1,False,False,False,False,delisted,,True,False,0.03000000,False,
RAD-BTC,RAD,BTC,0.0000001,0.01,RAD-BTC,0.000016,False,False,False,False,delisted,,True,False,0.03000000,False,
RAD-EUR,RAD,EUR,0.001,0.01,RAD-EUR,0.84,False,False,False,False,delisted,,True,False,0.03000000,False,
RAD-GBP,RAD,GBP,0.001,0.01,RAD-GBP,0.72,False,False,False,False,delisted,,True,False,0.03000000,False,
RAD-USD,RAD,USD,0.01,0.01,RAD-USD,1,False,False,False,False,online,,False,False,0.03000000,False,
RAD-USDT,RAD,USDT,0.01,0.01,RAD-USDT,1,False,False,False,False,delisted,,True,False,0.03000000,False,
RAI-USD,RAI,USD,0.01,0.01,RAI-USD,1,False,False,False,False,delisted,,True,False,0.03000000,False,
RARE-USD,RARE,USD,0.0001,0.1,RARE-USD,1,False,False,False,False,online,,False,False,0.03000000,False,
RARI-USD,RARI,USD,0.0001,0.001,RARI-USD,1,False,False,False,False,online,,False,False,0.03000000,False,
RBN-USD,RBN,USD,0.00001,0.01,RBN-USD,1,False,False,False,False,delisted,,True,False,0.03000000,False,
RECALL-USD,RECALL,USD,0.0001,0.01,RECALL/USD,1,False,False,False,False,online,,False,False,0.03000000,False,
RED-USD,RED,USD,0.0001,0.01,RED/USD,1,False,False,False,False,online,,False,False,0.03000000,False,
REN-BTC,REN,BTC,0.00000001,1,REN-BTC,0.000016,False,False,False,False,delisted,,True,False,0.03000000,False,
REN-USD,REN,USD,0.0001,0.000001,REN-USD,1,False,False,False,False,delisted,,True,False,0.03000000,False,
RENDER-USD,RENDER,USD,0.001,0.01,RENDER/USD,1,False,False,False,False,online,,False,False,0.03000000,False,
REP-BTC,REP,BTC,0.0000001,0.000001,REP-BTC,0.000016,False,False,False,False,delisted,,True,False,0.03000000,False,
REP-USD,REP,USD,0.01,0.000001,REP-USD,1,False,False,False,False,delisted,,True,False,0.03000000,False,
REQ-BTC,REQ,BTC,0.00000001,1,REQ-BTC,0.000016,False,False,False,False,delisted,,True,False,0.03000000,False,
REQ-EUR,REQ,EUR,0.00001,1,REQ-EUR,0.84,False,False,False,False,delisted,,True,False,0.03000000,False,
REQ-GBP,REQ,GBP,0.0001,1,REQ-GBP,0.72,False,False,False,False,delisted,,True,False,0.03000000,False,
REQ-USD,REQ,USD,0.0001,1,REQ-USD,1,False,False,False,False,online,,False,False,0.03000000,False,
REQ-USDT,REQ,USDT,0.0001,1,REQ-USDT,1,False,False,False,False,delisted,,True,False,0.03000000,False,
REZ-USD,REZ,USD,0.00001,1,REZ/USD,1,False,False,False,False,online,,False,False,0.03000000,False,
RGT-USD,RGT,USD,0.01,0.001,RGT-USD,1,False,False,False,False,delisted,,True,False,0.03000000,False,
RLC-BTC,RLC,BTC,0.0000001,0.01,RLC-BTC,0.000016,False,False,False,False,delisted,,True,False,0.03000000,False,
RLC-USD,RLC,USD,0.0001,0.01,RLC-USD,1,False,False,False,False,online,,False,False,0.03000000,False,
RLY-EUR,RLY,EUR,0.0001,1,RLY-EUR,0.84,False,False,False,False,delisted,,True,False,0.05000000,False,
RLY-GBP,RLY,GBP,0.0001,1,RLY-GBP,0.72,False,False,False,False,delisted,,True,False,0.05000000,False,
RLY-USD,RLY,USD,0.0001,1,RLY-USD,1,False,False,False,False,delisted,,True,False,0.05000000,False,
RLY-USDT,RLY,USDT,0.0001,1,RLY-USDT,1,False,False,False,False,delisted,,True,False,0.05000000,False,
RNDR-EUR,RNDR,EUR,0.0001,0.01,RNDR-EUR,1,False,False,False,False,delisted,,True,False,0.03000000,False,
RNDR-USD,RNDR,USD,0.0001,0.01,RNDR-USD,1,False,False,False,False,delisted,,True,False,0.03000000,False,
RNDR-USDT,RNDR,USDT,0.0001,0.01,RNDR-USDT,1,False,False,False,False,delisted,,True,False,0.03000000,False,
RONIN-USD,RONIN,USD,0.001,0.01,RONIN/USD,1,False,False,False,False,online,,False,False,0.03000000,False,
ROSE-USD,ROSE,USD,0.00001,0.1,ROSE-USD,1,False,False,False,False,online,,False,False,0.03000000,False,
ROSE-USDT,ROSE,USDT,0.0001,0.1,ROSE-USDT,1,False,False,False,False,online,,False,False,0.03000000,False,
RPL-USD,RPL,USD,0.01,0.001,RPL-USD,1,False,False,False,False,online,,False,False,0.05000000,False,
RSC-USD,RSC,USD,0.0001,0.01,RSC-USD,1,False,False,False,False,online,,False,False,0.03000000,False,
RSR-USD,RSR,USD,0.000001,1,RSR/USD,1,False,False,False,False,online,,False,False,0.03000000,False,
S-USD,S,USD,0.00001,0.1,S/USD,1,False,False,False,False,online,,False,False,0.03000000,False,
SAFE-USD,SAFE,USD,0.0001,0.01,SAFE/USD,1,False,False,False,False,online,,False,False,0.03000000,False,
SAND-USD,SAND,USD,0.0001,0.01,SAND-USD,1,False,False,False,False,online,,False,False,0.03000000,False,
SAND-USDT,SAND,USDT,0.0001,0.01,SAND-USDT,1,False,False,False,False,online,,False,False,0.03000000,False,
SAPIEN-USD,SAPIEN,USD,0.00001,0.1,SAPIEN/USD,1,False,False,False,False,online,,False,False,0.03000000,False,
SD-USD,SD,USD,0.0001,0.01,SD/USD,1,False,False,False,False,online,,False,False,0.03000000,False,
SEAM-USD,SEAM,USD,0.0001,0.1,SEAM-USD,1,False,False,False,False,online,,False,False,0.03000000,False,
SEI-USD,SEI,USD,0.00001,0.1,SEI-USD,1,False,False,False,False,online,,False,False,0.03000000,False,
SHDW-USD,SHDW,USD,0.001,0.01,SHDW/USD,1,False,False,False,False,online,,False,False,0.03000000,False,
SHIB-EUR,SHIB,EUR,0.00000001,1,SHIB-EUR,0.84,False,False,False,False,online,,False,False,0.03000000,False,
SHIB-GBP,SHIB,GBP,0.00000001,1,SHIB-GBP,0.72,False,False,False,False,online,,False,False,0.03000000,False,
SHIB-USD,SHIB,USD,0.00000001,1,SHIB-USD,1,False,False,False,False,online,,False,False,0.03000000,False,
SHIB-USDT,SHIB,USDT,0.0000001,1,SHIB-USDT,1,False,False,False,False,online,,False,False,0.03000000,False,
SHPING-EUR,SHPING,EUR,0.000001,1,SHPING-EUR,1,False,False,False,False,delisted,,True,False,0.03000000,False,
SHPING-USD,SHPING,USD,0.000001,1,SHPING-USD,1,False,False,False,False,online,,False,False,0.03000000,False,
SHPING-USDT,SHPING,USDT,0.000001,1,SHPING-USDT,1,False,False,False,False,delisted,,True,False,0.03000000,False,
SKL-BTC,SKL,BTC,0.00000001,0.1,SKL-BTC,0.000016,False,False,False,False,delisted,,True,False,0.03000000,False,
SKL-EUR,SKL,EUR,0.0001,0.1,SKL-EUR,0.84,False,False,False,False,delisted,,True,False,0.03000000,False,
SKL-GBP,SKL,GBP,0.0001,0.1,SKL-GBP,0.72,False,False,False,False,delisted,,True,False,0.03000000,False,
SKL-USD,SKL,USD,0.0001,0.1,SKL-USD,1,False,False,False,False,online,,False,False,0.03000000,False,
SKY-USD,SKY,USD,0.00001,0.1,SKY/USD,1,False,False,False,False,online,,False,False,0.03000000,False,
SNT-USD,SNT,USD,0.00001,0.1,SNT-USD,1,False,False,False,False,delisted,,True,False,0.03000000,False,
SNX-BTC,SNX,BTC,0.0000001,0.01,SNX-BTC,0.000016,False,False,False,False,delisted,,True,False,0.03000000,False,
SNX-EUR,SNX,EUR,0.001,0.001,SNX-EUR,0.84,False,False,True,False,online,,False,False,0.03000000,False,
SNX-GBP,SNX,GBP,0.001,0.001,SNX-GBP,0.72,False,False,True,False,online,,False,False,0.03000000,False,
SNX-USD,SNX,USD,0.001,0.001,SNX-USD,1,False,False,False,False,online,,False,False,0.03000000,False,
SOL-BTC,SOL,BTC,0.0000001,0.001,SOL-BTC,0.000016,False,False,False,False,online,,False,False,0.03000000,False,
SOL-ETH,SOL,ETH,0.00001,0.0001,SOL-ETH,0.00022,False,False,False,False,online,,False,False,0.03000000,False,
SOL-EUR,SOL,EUR,0.01,0.001,SOL-EUR,0.84,False,False,False,False,online,,False,False,0.03000000,False,
SOL-GBP,SOL,GBP,0.01,0.001,SOL-GBP,0.72,False,False,False,False,online,,False,False,0.03000000,False,
SOL-USD,SOL,USD,0.01,0.00000001,SOL-USD,1,False,False,False,False,online,,False,False,0.03000000,False,
SOL-USDT,SOL,USDT,0.01,0.001,SOL-USDT,1,False,False,False,False,online,,False,False,0.03000000,False,
SPA-USD,SPA,USD,0.000001,1,SPA-USD,1,False,False,False,False,online,,False,False,0.03000000,False,
SPELL-USD,SPELL,USD,0.0000001,1,SPELL-USD,1,False,False,False,False,online,,False,False,0.03000000,False,
SPELL-USDT,SPELL,USDT,0.0000001,1,SPELL-USDT,1,False,False,False,False,delisted,,True,False,0.03000000,False,
SPK-USD,SPK,USD,0.00001,0.1,SPK/USD,1,False,False,False,False,online,,False,False,0.03000000,False,
SPX-USD,SPX,USD,0.0001,0.01,SPX/USD,1,False,False,False,False,online,,False,False,0.03000000,False,
SQD-USD,SQD,USD,0.0001,0.1,SQD/USD,1,False,False,False,False,online,,False,False,0.03000000,False,
STG-USD,STG,USD,0.0001,0.1,STG-USD,1,False,False,False,False,online,,False,False,0.03000000,False,
STG-USDT,STG,USDT,0.0001,0.1,STG-USDT,1,False,False,False,False,delisted,,True,False,0.03000000,False,
STORJ-BTC,STORJ,BTC,0.00000001,0.01,STORJ-BTC,0.000016,False,False,False,False,delisted,,True,False,0.03000000,False,
STORJ-USD,STORJ,USD,0.0001,0.01,STORJ-USD,1,False,False,False,False,online,,False,False,0.03000000,False,
STRK-USD,STRK,USD,0.001,0.01,STRK/USD,1,False,False,False,False,online,,False,False,0.03000000,False,
STX-USD,STX,USD,0.0001,0.01,STX-USD,1,False,False,False,False,online,,False,False,0.03000000,False,
STX-USDT,STX,USDT,0.0001,0.01,STX-USDT,1,False,False,False,False,online,,False,False,0.03000000,False,
SUI-USD,SUI,USD,0.0001,0.1,SUI-USD,1,False,False,False,False,online,,False,False,0.03000000,False,
SUKU-EUR,SUKU,EUR,0.0001,0.1,SUKU-EUR,0.84,False,False,False,False,delisted,,True,False,0.03000000,False,
SUKU-USD,SUKU,USD,0.0001,0.1,SUKU-USD,1,False,False,False,False,online,,False,False,0.03000000,False,
SUKU-USDT,SUKU,USDT,0.0001,0.1,SUKU-USDT,1,False,False,False,False,delisted,,True,False,0.03000000,False,
SUPER-USD,SUPER,USD,0.00001,0.01,SUPER-USD,1,False,False,False,False,online,,False,False,0.03000000,False,
SUPER-USDT,SUPER,USDT,0.00001,0.01,SUPER-USDT,1,False,False,False,False,delisted,,True,False,0.03000000,False,
SUSHI-BTC,SUSHI,BTC,0.00000001,0.01,SUSHI-BTC,0.000016,False,False,False,False,delisted,,True,False,0.03000000,False,
SUSHI-ETH,SUSHI,ETH,0.0000001,0.01,SUSHI-ETH,0.00022,False,False,False,False,delisted,,True,False,0.03000000,False,
SUSHI-EUR,SUSHI,EUR,0.0001,0.01,SUSHI-EUR,0.84,False,False,False,False,delisted,,True,False,0.03000000,False,
SUSHI-GBP,SUSHI,GBP,0.0001,0.01,SUSHI-GBP,0.72,False,False,False,False,delisted,,True,False,0.03000000,False,
SUSHI-USD,SUSHI,USD,0.0001,0.01,SUSHI-USD,1,False,False,False,False,online,,False,False,0.03000000,False,
SWELL-USD,SWELL,USD,0.00001,1,SWELL/USD,1,False,False,False,False,online,,False,False,0.03000000,False,
SWFTC-USD,SWFTC,USD,0.000001,1,SWFTC-USD,1,False,False,False,False,online,,False,False,0.03000000,False,
SXT-USD,SXT,USD,0.0001,0.1,SXT/USD,1,False,False,False,False,online,,False,False,0.03000000,False,
SYLO-USD,SYLO,USD,0.000001,1,SYLO-USD,1,False,False,False,False,delisted,,True,False,0.03000000,False,
SYLO-USDT,SYLO,USDT,0.000001,1,SYLO-USDT,1,False,False,False,False,delisted,,True,False,0.03000000,False,
SYN-USD,SYN,USD,0.001,0.01,SYN-USD,1,False,False,False,False,delisted,,True,False,0.05000000,False,
SYND-USD,SYND,USD,0.0001,0.01,SYND/USD,1,False,False,False,False,online,,False,False,0.03000000,False,
SYRUP-USD,SYRUP,USD,0.0001,0.1,SYRUP/USD,1,False,False,False,False,online,,False,False,0.03000000,False,
T-USD,T,USD,0.00001,1,T-USD,1,False,False,False,False,online,,False,False,0.03000000,False,
TAO-USD,TAO,USD,0.01,0.0001,TAO/USD,1,False,False,True,False,online,,False,False,0.03000000,False,
TIA-USD,TIA,USD,0.001,0.01,TIA-USD,1,False,False,False,False,online,,False,False,0.03000000,False,
TIME-USD,TIME,USD,0.01,0.001,TIME-USD,1,False,False,True,False,online,,False,False,0.05000000,False,
TIME-USDT,TIME,USDT,0.01,0.001,TIME-USDT,1,False,False,False,False,delisted,,True,False,0.05000000,False,
TNSR-USD,TNSR,USD,0.001,0.01,TNSR/USD,1,False,False,False,False,online,,False,False,0.03000000,False,
TONE-USD,TONE,USD,0.00001,1,TONE-USD,1,False,False,False,False,delisted,,True,False,0.05000000,False,
TOSHI-USD,TOSHI,USD,0.0000001,1,TOSHI/USD,1,False,False,False,False,online,,False,False,0.03000000,False,
TOWNS-USD,TOWNS,USD,0.00001,0.1,TOWNS/USD,1,False,False,False,False,online,,False,False,0.03000000,False,
TRAC-EUR,TRAC,EUR,0.0001,0.1,TRAC-EUR,0.84,False,False,False,False,delisted,,True,False,0.03000000,False,
TRAC-USD,TRAC,USD,0.0001,0.1,TRAC-USD,1,False,False,False,False,online,,False,False,0.03000000,False,
TRAC-USDT,TRAC,USDT,0.0001,0.1,TRAC-USDT,1,False,False,False,False,delisted,,True,False,0.03000000,False,
TRB-BTC,TRB,BTC,0.0000001,0.001,TRB-BTC,0.000016,False,False,False,False,delisted,,True,False,0.03000000,False,
TRB-USD,TRB,USD,0.01,0.001,TRB-USD,1,False,False,False,False,online,,False,False,0.03000000,False,
TREE-USD,TREE,USD,0.0001,0.01,TREE/USD,1,False,False,False,False,online,,False,False,0.03000000,False,
TRIBE-USD,TRIBE,USD,0.0001,0.1,TRIBE-USD,1,False,False,False,False,delisted,,True,False,0.03000000,False,
TROLL-USD,TROLL,USD,0.00001,0.1,TROLL/USD,1,False,False,False,False,online,,False,False,0.03000000,False,
TRU-BTC,TRU,BTC,0.00000001,0.1,TRU-BTC,0.000016,False,False,False,False,delisted,,True,False,0.03000000,False,
TRU-EUR,TRU,EUR,0.0001,0.1,TRU-EUR,0.84,False,False,False,False,delisted,,True,False,0.03000000,False,
TRU-USD,TRU,USD,0.0001,0.1,TRU-USD,1,False,False,False,False,online,,False,False,0.03000000,False,
TRU-USDT,TRU,USDT,0.0001,0.1,TRU-USDT,1,False,False,False,False,delisted,,True,False,0.03000000,False,
TRUMP-USD,TRUMP,USD,0.01,0.001,TRUMP/USD,1,False,False,False,False,online,,False,False,0.03000000,False,
TURBO-USD,TURBO,USD,0.000001,1,TURBO/USD,1,False,False,False,False,online,,False,False,0.03000000,False,
TVK-USD,TVK,USD,0.00001,1,TVK-USD,1,False,False,False,False,delisted,,True,False,0.03000000,False,
UMA-BTC,UMA,BTC,0.00000001,0.001,UMA-BTC,0.000016,False,False,False,False,delisted,,True,False,0.03000000,False,
UMA-EUR,UMA,EUR,0.001,0.001,UMA-EUR,0.84,False,False,False,False,delisted,,True,False,0.03000000,False,
UMA-GBP,UMA,GBP,0.01,0.001,UMA-GBP,0.72,False,False,False,False,delisted,,True,False,0.03000000,False,
UMA-USD,UMA,USD,0.001,0.001,UMA-USD,1,False,False,False,False,online,,False,False,0.03000000,False,
UNFI-USD,UNFI,USD,0.01,0.01,UNFI-USD,1,False,False,False,False,delisted,,True,False,0.03000000,False,
UNI-BTC,UNI,BTC,0.0000001,0.000001,UNI-BTC,0.000016,False,False,False,False,online,,False,False,0.03000000,False,
UNI-EUR,UNI,EUR,0.01,0.001,UNI-EUR,0.84,False,False,False,False,online,,False,False,0.03000000,False,
UNI-GBP,UNI,GBP,0.01,0.001,UNI-GBP,0.72,False,False,False,False,online,,False,False,0.03000000,False,
UNI-USD,UNI,USD,0.001,0.000001,UNI-USD,1,False,False,False,False,online,,False,False,0.03000000,False,
UPI-USD,UPI,USD,0.00001,1,UPI-USD,1,False,False,False,False,delisted,,True,False,0.03000000,False,
UPI-USDT,UPI,USDT,0.00001,1,UPI-USDT,1,False,False,False,False,delisted,,True,False,0.03000000,False,
USD1-USD,USD1,USD,0.0001,0.01,USD1/USD,1,False,False,True,False,online,,False,True,0.01000000,False,0.03000000
USDC-EUR,USDC,EUR,0.0001,0.01,USDC-EUR,0.84,False,False,True,False,online,,False,True,0.01000000,False,0.03000000
USDC-GBP,USDC,GBP,0.0001,0.01,USDC-GBP,0.72,False,False,True,False,online,,False,True,0.01000000,False,0.03000000
USDS-USD,USDS,USD,0.0001,0.01,USDS/USD,1,False,False,True,False,online,,False,True,0.01000000,False,0.03000000
USDT-EUR,USDT,EUR,0.00001,0.01,USDT-EUR,0.84,False,False,False,False,online,,False,True,0.01000000,False,0.03000000
USDT-GBP,USDT,GBP,0.0001,0.01,USDT-GBP,0.72,False,False,False,False,online,,False,True,0.01000000,False,0.03000000
USDT-USD,USDT,USD,0.00001,0.01,USDT-USD,1,False,False,False,False,online,,False,False,0.01000000,False,0.03000000
USDT-USDC,USDT,USDC,0.0001,0.01,USDT-USDC,1,False,False,True,False,online,,False,False,0.01000000,False,0.03000000
USELESS-USD,USELESS,USD,0.0001,0.1,USELESS/USD,1,False,False,False,False,online,,False,False,0.03000000,False,
UST-EUR,UST,EUR,0.00001,0.01,UST-EUR,0.84,False,False,False,False,delisted,,True,True,0.01000000,False,
UST-USD,UST,USD,0.00001,0.01,UST-USD,1,False,False,False,False,delisted,,True,True,0.01000000,False,
UST-USDT,UST,USDT,0.00001,0.01,UST-USDT,1,False,False,False,False,delisted,,True,True,0.01000000,False,
VARA-USD,VARA,USD,0.00001,1,VARA-USD,1,False,False,False,False,online,,False,False,0.03000000,False,
VELO-USD,VELO,USD,0.00001,0.1,VELO-USD,1,False,False,False,False,online,,False,False,0.03000000,False,
VET-USD,VET,USD,0.00001,1,VET-USD,1,False,False,False,False,online,,False,False,0.03000000,False,
VGX-EUR,VGX,EUR,0.0001,0.01,VGX-EUR,0.84,False,False,False,False,delisted,,True,False,0.03000000,False,
VGX-USD,VGX,USD,0.0001,0.01,VGX-USD,1,False,False,False,False,delisted,,True,False,0.03000000,False,
VGX-USDT,VGX,USDT,0.0001,0.01,VGX-USDT,1,False,False,False,False,delisted,,True,False,0.03000000,False,
VOXEL-USD,VOXEL,USD,0.0001,0.01,VOXEL-USD,1,False,False,False,False,online,,False,False,0.03000000,False,
VTHO-USD,VTHO,USD,0.000001,1,VTHO-USD,1,False,False,False,False,online,,False,False,0.03000000,False,
VVV-USD,VVV,USD,0.01,0.001,VVV-USD,1,False,False,False,False,online,,False,False,0.03000000,False,
W-USD,W,USD,0.00001,0.01,W/USD,1,False,False,False,False,online,,False,False,0.03000000,False,
WAMPL-USD,WAMPL,USD,0.01,0.001,WAMPL-USD,1,False,False,False,False,delisted,,True,False,0.03000000,False,
WAMPL-USDT,WAMPL,USDT,0.01,0.001,WAMPL-USDT,1,False,False,False,False,delisted,,True,False,0.03000000,False,
WAXL-USD,WAXL,USD,0.0001,0.01,WAXL-USD,1,False,False,False,False,online,,False,False,0.03000000,False,
WBTC-BTC,WBTC,BTC,0.0001,0.00000001,WBTC-BTC,0.0001,False,False,False,False,delisted,,True,True,0.01000000,False,
WBTC-USD,WBTC,USD,0.01,0.00000001,WBTC-USD,1,False,False,False,False,delisted,,True,False,0.03000000,False,
WCFG-BTC,WCFG,BTC,0.00000001,0.01,WCFG-BTC,0.000016,False,False,False,False,delisted,,True,False,0.03000000,False,
WCFG-EUR,WCFG,EUR,0.0001,0.01,WCFG-EUR,0.84,False,False,False,False,delisted,,True,False,0.03000000,False,
WCFG-USD,WCFG,USD,0.001,0.01,WCFG-USD,1,False,False,False,False,online,,False,False,0.03000000,False,
WCFG-USDT,WCFG,USDT,0.00001,0.01,WCFG-USDT,1,False,False,False,False,delisted,,True,False,0.03000000,False,
WCT-USD,WCT,USD,0.0001,0.1,WCT/USD,1,False,False,False,False,online,,False,False,0.03000000,False,
WELL-USD,WELL,USD,0.000001,1,WELL/USD,1,False,False,False,False,online,,False,False,0.03000000,False,
WIF-USD,WIF,USD,0.001,0.01,WIF/USD,1,False,False,False,False,online,,False,False,0.03000000,False,
WLD-USD,WLD,USD,0.001,0.01,WLD/USD,1,False,False,False,False,online,,False,False,0.03000000,False,
WLFI-USD,WLFI,USD,0.00001,0.1,WLFI/USD,1,False,False,False,False,online,,False,False,0.03000000,False,
WLUNA-EUR,WLUNA,EUR,0.00000001,0.001,WLUNA-EUR,0.84,False,False,False,False,delisted,,True,False,0.10000000,False,
WLUNA-GBP,WLUNA,GBP,0.00000001,0.001,WLUNA-GBP,0.72,False,False,False,False,delisted,,True,False,0.10000000,False,
WLUNA-USD,WLUNA,USD,0.00000001,0.001,WLUNA-USD,1,False,False,False,False,delisted,,True,False,0.10000000,False,
WLUNA-USDT,WLUNA,USDT,0.00000001,0.001,WLUNA-USDT,1,False,False,False,False,delisted,,True,False,0.10000000,False,
XAN-USD,XAN,USD,0.00001,0.1,XAN/USD,1,False,False,False,False,online,,False,False,0.03000000,False,
XCN-USD,XCN,USD,0.00001,0.1,XCN-USD,1,False,False,False,False,online,,False,False,0.03000000,False,
XCN-USDT,XCN,USDT,0.00001,0.1,XCN-USDT,1,False,False,False,False,delisted,,True,False,0.03000000,False,
XLM-BTC,XLM,BTC,0.00000001,1,XLM-BTC,0.000016,False,False,False,False,online,,False,False,0.03000000,False,
XLM-EUR,XLM,EUR,0.000001,1,XLM-EUR,0.84,False,False,False,False,online,,False,False,0.03000000,False,
XLM-USD,XLM,USD,0.000001,0.00000001,XLM-USD,1,False,False,False,False,online,,False,False,0.03000000,False,
XLM-USDT,XLM,USDT,0.0001,0.1,XLM-USDT,1,False,False,False,False,online,,False,False,0.03000000,False,
XRP-BTC,XRP,BTC,0.00000001,1,XRP-BTC,0.001,False,False,False,False,delisted,,True,False,0.10000000,False,
XRP-EUR,XRP,EUR,0.0001,0.000001,XRP-EUR,1,False,False,False,False,online,,False,False,0.05000000,False,
XRP-GBP,XRP,GBP,0.0001,0.000001,XRP-GBP,1,False,False,False,False,delisted,,True,False,0.05000000,False,
XRP-USD,XRP,USD,0.0001,0.000001,XRP-USD,1,False,False,False,False,online,,False,False,0.05000000,False,
XRP-USDT,XRP,USDT,0.0001,0.000001,XRP-USDT,1,False,False,False,False,online,,False,False,0.05000000,False,
XSGD-USDC,XSGD,USDC,0.0001,1,XSGD/USDC,1,False,False,True,False,online,,False,True,0.01000000,False,0.03000000
XTZ-BTC,XTZ,BTC,0.00000001,0.01,XTZ-BTC,0.000016,False,False,False,False,online,,False,False,0.03000000,False,
XTZ-EUR,XTZ,EUR,0.01,0.01,XTZ-EUR,0.84,False,False,False,False,online,,False,False,0.03000000,False,
XTZ-GBP,XTZ,GBP,0.001,0.01,XTZ-GBP,0.72,False,False,False,False,online,,False,False,0.03000000,False,
XTZ-USD,XTZ,USD,0.001,0.01,XTZ-USD,1,False,False,False,False,online,,False,False,0.03000000,False,
XYO-BTC,XYO,BTC,0.00000001,0.1,XYO-BTC,0.000016,False,False,False,False,delisted,,True,False,0.03000000,False,
XYO-EUR,XYO,EUR,0.000001,0.1,XYO-EUR,0.84,False,False,False,False,delisted,,True,False,0.03000000,False,
XYO-USD,XYO,USD,0.00001,0.1,XYO-USD,1,False,False,False,False,online,,False,False,0.03000000,False,
XYO-USDT,XYO,USDT,0.00001,0.1,XYO-USDT,1,False,False,False,False,delisted,,True,False,0.03000000,False,
YB-USD,YB,USD,0.0001,0.01,YB/USD,1,False,False,False,False,online,,False,False,0.03000000,False,
YFI-BTC,YFI,BTC,0.0001,0.000001,YFI-BTC,0.00001,False,False,False,False,online,,False,False,0.03000000,False,
YFI-USD,YFI,USD,0.01,0.000001,YFI-USD,1,False,False,False,False,online,,False,False,0.03000000,False,
YFII-USD,YFII,USD,0.01,0.00000001,YFII-USD,1,False,False,False,False,delisted,,True,False,0.03000000,False,
ZEC-BTC,ZEC,BTC,0.000001,0.0001,ZEC-BTC,0.000016,False,False,False,False,delisted,,True,False,0.03000000,False,
ZEC-USD,ZEC,USD,0.01,0.00000001,ZEC-USD,1,False,False,False,False,online,,False,False,0.03000000,False,
ZEC-USDC,ZEC,USDC,0.01,0.00000001,ZEC-USDC,1,False,False,False,False,delisted,,True,False,0.03000000,False,
ZEN-BTC,ZEN,BTC,0.0000001,0.001,ZEN-BTC,0.000016,False,False,False,False,delisted,,True,False,0.03000000,False,
ZEN-USD,ZEN,USD,0.001,0.001,ZEN-USD,1,False,False,False,False,online,,False,False,0.03000000,False,
ZEN-USDT,ZEN,USDT,0.01,0.001,ZEN-USDT,1,False,False,False,False,delisted,,True,False,0.03000000,False,
ZETA-USD,ZETA,USD,0.0001,0.1,ZETA-USD,1,False,False,False,False,online,,False,False,0.03000000,False,
ZETACHAIN-USD,ZETACHAIN,USD,0.0001,0.01,ZETACHAIN/USD,1,False,False,False,False,online,,False,False,0.03000000,False,
ZK-USD,ZK,USD,0.00001,0.1,ZK/USD,1,False,False,False,False,online,,False,False,0.03000000,False,
ZKC-USD,ZKC,USD,0.0001,0.01,ZKC/USD,1,False,False,False,False,online,,False,False,0.03000000,False,
ZORA-USD,ZORA,USD,0.00001,1,ZORA/USD,1,False,False,False,False,online,,False,False,0.03000000,False,
ZRO-USD,ZRO,USD,0.001,0.01,ZRO/USD,1,False,False,False,False,online,,False,False,0.03000000,False,
ZRX-BTC,ZRX,BTC,0.00000001,0.00001,ZRX-BTC,0.000016,False,False,False,False,delisted,,True,False,0.03000000,False,
ZRX-EUR,ZRX,EUR,0.0001,0.00001,ZRX-EUR,0.84,False,False,False,False,delisted,,True,False,0.03000000,False,
ZRX-USD,ZRX,USD,0.000001,0.00001,ZRX-USD,1,False,False,False,False,online,,False,False,0.03000000,False,
